code,value,areaName,cx,cy,region,own,mortgage,sharedOwn,laRent,socialRent,privateRent,otherRent,freeRent,urbanisation,total_housing,percentage_own,percentage_mortgage,percentage_sharedOwn,percentage_laRent,percentage_socialRent,percentage_privateRent,percentage_otherRent,percentage_freeRent,LONG,LAT
E06000001,985.5,Hartlepool,448118,530661,E12000001,12761,11073,239,3986,5608,6338,856,68,Suburban,40929,31.17838208,27.05416697,0.583938039,9.738815998,13.70177625,15.48535268,2.091426617,0.166141367,-1.27018,54.67614
E06000002,2671.2,Middlesbrough,450380,516653,E12000001,17224,15913,330,6773,7233,11286,1391,115,Urban,60265,28.58043641,26.40504439,0.547581515,11.23869576,12.00199121,18.72728781,2.308139053,0.190823861,-1.21099,54.54467
E06000003,557.1,Redcar and Cleveland,463383,518023,E12000001,22649,17205,346,5269,6380,8410,1338,41,Suburban,61638,36.74518966,27.91297576,0.561342029,8.548298128,10.35075765,13.64418054,2.17073883,0.066517408,-1.00608,54.56752
E06000004,959.3,Stockton-on-Tees,443484,518785,E12000001,27726,27686,385,7204,6469,12388,1819,79,Suburban,83756,33.10330006,33.05554229,0.459668561,8.601174841,7.72362577,14.79058217,2.171784708,0.094321601,-1.30664,54.55687
E06000005,545.9,Darlington,429038,517147,E12000001,16222,14474,190,5112,2819,9035,1043,20,Suburban,48915,33.16365123,29.59010528,0.388428907,10.45078197,5.763058367,18.47081672,2.132270265,0.040887253,-1.56835,54.53534
E06000006,1624.3,Halton,352162,383230,E12000002,17096,16744,429,2898,10721,7088,930,45,Suburban,55951,30.55530732,29.92618541,0.766742328,5.179532091,19.16140909,12.66822756,1.662168683,0.080427517,-2.68853,53.33424
E06000011,142.4,East Riding of Yorkshire,499908,442365,E12000003,65680,45518,634,10874,3406,22171,3561,222,Rural,152066,43.19177199,29.93305538,0.41692423,7.150842397,2.239816922,14.57985348,2.341746347,0.145989242,-0.66195,53.88112
E06000012,815,North East Lincolnshire,523749,406881,E12000003,24373,20211,358,2729,6462,14185,1459,49,Suburban,69826,34.90533612,28.94480566,0.512703005,3.908286312,9.254432446,20.31478246,2.089479563,0.070174434,-0.13911,53.52327
E06000014,745.8,York,461737,451799,E12000003,31453,24182,719,7152,4772,15209,1875,96,Suburban,85458,36.80521426,28.29694119,0.841348967,8.36902338,5.584029582,17.7970465,2.19406024,0.112335884,-1.07376,53.96583
E06000015,3349.5,Derby,435851,335169,E12000004,33384,28985,790,11713,8138,20395,2058,188,Urban,105651,31.59837578,27.43466697,0.747744934,11.08650178,7.702719331,19.30412396,1.947922878,0.177944364,-1.47186,52.91464
E06000017,107.5,Rutland,491121,307844,E12000004,7286,4555,233,310,1509,2082,708,8,Rural,16691,43.65226769,27.29015637,1.395961896,1.857288359,9.040800431,12.47378827,4.241806962,0.047930022,-0.6263,52.66765
E06000018,4337.6,Nottingham,455451,340739,E12000004,27940,28375,609,22854,8942,33039,2649,335,Urban,124743,22.39805039,22.74676735,0.488203747,18.3208677,7.168338103,26.48565451,2.123566052,0.268552143,-1.16667,52.9542
E06000019,85.8,Herefordshire,349035,245285,E12000005,35070,19893,916,2657,8652,12943,2662,34,Rural,82827,42.34126553,24.01753052,1.105919567,3.207891147,10.4458691,15.6265469,3.213927825,0.041049416,-2.73931,52.08162
E06000020,639.1,Telford and Wrekin,367109,314837,E12000005,23088,22776,586,4966,8818,14694,1503,78,Suburban,76509,30.17684194,29.76904678,0.765922963,6.490739652,11.52544145,19.20558366,1.964474768,0.10194879,-2.48941,52.71417
E06000021,2764.8,Stoke-on-Trent,389018,346716,E12000005,33558,29095,404,16913,7656,20065,2335,374,Urban,110400,30.39673913,26.35416667,0.365942029,15.31974638,6.934782609,18.17481884,2.115036232,0.338768116,-2.15888,53.01706
E06000023,4308.1,Bristol,346546,172919,E12000009,48199,55221,1656,24977,10902,46271,3942,470,Urban,191638,25.15106607,28.81526628,0.864129244,13.03342761,5.688850854,24.14500256,2.057003308,0.245254073,-2.57742,51.47113
E06000024,579.9,North Somerset,344429,165882,E12000009,37250,30532,679,2003,6711,15541,1879,53,Suburban,94648,39.35635196,32.2584735,0.717394979,2.116262362,7.09048263,16.419787,1.985250613,0.055996957,-2.75438,51.39706
E06000026,3314.8,Plymouth,249389,56735,E12000009,33783,32255,1349,7386,13725,22754,3167,138,Urban,114557,29.49012282,28.15628901,1.17757972,6.447445377,11.98093525,19.86260115,2.764562619,0.120464048,-4.11297,50.40494
E06000027,2215.6,Torbay,291417,61223,E12000009,24663,15699,622,561,4664,15195,1572,16,Suburban,62992,39.15259081,24.92221234,0.987426975,0.890589281,7.404114808,24.12211074,2.495554991,0.025400051,-3.55523,50.47092
E06000031,628.1,Peterborough,518343,302621,E12000006,22268,24624,1167,5009,10751,18675,1937,102,Suburban,84533,26.34237517,29.1294524,1.380525948,5.925496552,12.71811009,22.09196409,2.291412821,0.120662936,-0.26874,52.59214
E06000032,5196,Luton,508515,222915,E12000006,20296,22281,426,8498,4425,21280,1607,127,Urban,78940,25.71066633,28.22523436,0.539650367,10.76513808,5.605523182,26.95718267,2.035723334,0.160881682,-0.42319,51.89102
E06000035,1444.2,Medway,578769,172759,E12000008,34388,37734,1646,4553,10577,20219,2272,68,Suburban,111457,30.85315413,33.85520874,1.476802713,4.084983447,9.489758382,18.14062822,2.038454292,0.061010076,0.563174,51.44772
E06000036,1139.2,Bracknell Forest,487739,168395,E12000008,14488,19053,877,2507,5382,6957,945,36,Suburban,50245,28.83470992,37.92019106,1.745447308,4.989551199,10.71151358,13.84615385,1.880784158,0.07164892,-0.73364,51.41129
E06000037,229.3,West Berkshire,448409,172535,E12000008,23209,21828,878,787,8518,9668,1763,7,Rural,66658,34.81802634,32.74625701,1.317171232,1.180653485,12.77866123,14.50388551,2.64484383,0.010501365,-1.27365,51.44559
E06000038,4312.6,Reading,470639,173186,E12000008,15426,18707,883,6145,4779,20373,1250,120,Urban,67683,22.79154293,27.63914129,1.304611202,9.079089284,7.060857232,30.10061611,1.84684485,0.177297106,-0.99075,51.45301
E06000039,4871.5,Slough,498180,179746,E12000008,10215,15186,573,6304,3962,15101,994,88,Urban,52423,19.48572192,28.96820098,1.093031685,12.02525609,7.557751369,28.80605841,1.896114301,0.16786525,-0.57617,51.5035
E06000040,781.1,Windsor and Maidenhead,490435,177040,E12000008,20393,19913,392,705,6950,10635,1918,23,Suburban,60929,33.47010455,32.68230235,0.643371793,1.157084475,11.4067193,17.45474241,3.147926275,0.037748855,-0.67541,51.48034
E06000041,991.7,Wokingham,477672,170613,E12000008,24952,27647,1426,2844,2487,8665,1117,27,Suburban,69165,36.07605003,39.97252946,2.061736427,4.111906311,3.595749295,12.52801272,1.614978674,0.039037085,-0.89935,51.42296
E06000042,930.1,Milton Keynes,486881,243629,E12000008,27193,34752,6905,11029,9419,21780,1876,149,Suburban,113103,24.04268675,30.72597544,6.105054685,9.751288648,8.327807397,19.25678364,1.658665111,0.131738327,-0.7407,52.07241
E06000043,3345.3,Brighton and Hove,531606,106526,E12000008,30444,31973,997,11587,6464,37167,2517,253,Urban,121402,25.07701685,26.33646892,0.82123853,9.544323817,5.324459235,30.61481689,2.073277211,0.208398544,-0.15081,50.8465
E06000044,5149.8,Portsmouth,465010,102752,E12000008,21958,23066,769,9394,6113,22196,2473,186,Urban,86155,25.48662295,26.77267715,0.892577332,10.90360397,7.095351402,25.76286925,2.870407986,0.215889966,-1.07006,50.808
E06000045,4990.5,Southampton,442376,113232,E12000008,23049,25789,1061,14958,7439,28063,1797,134,Urban,102290,22.53299443,25.21165314,1.037247043,14.62313032,7.272460651,27.43474435,1.756769968,0.131000098,-1.39952,50.9212
E06000047,234.5,County Durham,410446,533389,E12000001,81046,65775,692,21999,24859,35156,5042,195,Rural,234764,34.52232881,28.01749842,0.294764104,9.370687158,10.58893186,14.97503876,2.147688743,0.083062139,-1.84047,54.68513
E06000050,388.2,Cheshire West and Chester,350919,367257,E12000002,57620,48336,1945,9412,13298,21291,3093,159,Rural,155154,37.13729585,31.15356356,1.253593204,6.066230971,8.570839295,13.72249507,1.993503229,0.102478827,-2.70298,53.16336
E06000051,101.2,Shropshire,350424,304422,E12000005,59262,36522,1170,5616,12553,20425,3942,89,Rural,139579,42.4576763,26.16582724,0.838234978,4.023527895,8.99347323,14.63329011,2.82420708,0.063763174,-2.73667,52.62209
E06000053,125.9,Isles of Scilly,91546,11139,E12000009,640,196,28,206,118,448,240,2,Rural,1878,34.07880724,10.43663472,1.490947817,10.96911608,6.283280085,23.85516507,12.77955272,0.106496273,-6.30217,49.92332
E06000054,156.8,Wiltshire,403934,155301,E12000009,80220,63547,2546,7845,23383,27674,9748,118,Rural,215081,37.29757626,29.54561305,1.183740079,3.647463049,10.8717181,12.86678042,4.532245991,0.054863052,-1.92655,51.32882
E06000055,388.8,Bedford,504237,255656,E12000006,23359,23605,1427,1782,10418,12905,1411,42,Rural,74949,31.16652657,31.49474976,1.90396136,2.377616779,13.90011875,17.21837516,1.882613511,0.056038106,-0.45463,52.19628
E06000056,411.2,Central Bedfordshire,507413,235392,E12000006,40618,45305,2112,5620,10457,14329,2238,75,Rural,120754,33.63698097,37.51842589,1.749010385,4.654090134,8.659754542,11.86627358,1.853354754,0.062109744,-0.47754,51.99903
E06000057,63.9,Northumberland,395886,594161,E12000001,56684,39104,801,13597,12488,20149,3979,120,Rural,146922,38.58101578,26.61548305,0.545187242,9.254570452,8.499748166,13.71407958,2.708239746,0.081675991,-2.07523,55.30038
E06000058,2469.2,Bournemouth Christchurch and Poole,408362,94131,E12000009,59736,49485,1226,8864,10238,40460,3692,141,Suburban,173842,34.36223697,28.46550316,0.70523809,5.098882894,5.889255761,23.27400743,2.123767559,0.081108133,-1.84807,50.74609
E06000059,152.4,Dorset,376581,100771,E12000009,77561,41593,1620,2263,18573,22778,4834,39,Rural,169261,45.82331429,24.57329213,0.957101754,1.336988438,10.97299437,13.45732331,2.85594437,0.023041339,-2.41459,50.79698
E06000060,353.4,Buckinghamshire,482081,210241,E12000008,77213,77026,2813,5766,22769,29769,4861,110,Rural,220327,35.04472897,34.95985512,1.276738666,2.617019249,10.3341851,13.51128096,2.206266141,0.049925792,-0.80573,51.76967
E06000061,364.4,North Northamptonshire,493494,281667,E12000004,47617,49245,1760,10410,12261,24645,2810,170,Rural,148918,31.97531527,33.06853436,1.181858472,6.99042426,8.233390188,16.54937617,1.886944493,0.114156784,-0.62504,52.42547
E06000062,309.1,West Northamptonshire,465908,258722,E12000004,53782,58173,2647,12035,12776,29463,3537,226,Rural,172639,31.15286812,33.69632586,1.533257259,6.971194226,7.40041358,17.06624807,2.048783878,0.130909007,-1.01682,52.26898
E07000008,3579.2,Cambridge,545770,257755,E12000006,12897,10234,872,6910,4980,14735,1760,86,Urban,52474,24.57788619,19.50299196,1.661775355,13.16842627,9.4904143,28.08057324,3.354042002,0.163890689,0.126436,52.20017
E07000009,134.8,East Cambridgeshire,556466,274112,E12000006,13485,11822,565,684,4516,5103,1017,10,Rural,37202,36.24805118,31.77786141,1.518735552,1.838610827,12.1391323,13.71700446,2.733723993,0.026880275,0.283149,52.35788
E07000010,187.5,Fenland,539807,298084,E12000006,16632,12820,236,1174,4407,7788,1007,19,Rural,44083,37.72882971,29.08150534,0.535353764,2.663158134,9.997051017,17.66667423,2.284327292,0.043100515,0.008927,52.53545
E07000012,179.8,South Cambridgeshire,542444,254795,E12000006,24426,21736,1677,5397,4299,8055,1328,78,Rural,66996,36.45889307,32.44372798,2.503134515,8.055704818,6.416801003,12.02310586,1.982207893,0.116424861,0.091017,52.10805
E07000026,77.4,Allerdale,319765,535836,E12000002,18770,11276,241,1096,7217,4241,1122,10,Rural,43973,42.68528415,25.64300821,0.548063584,2.492438542,16.41234394,9.644554613,2.551565734,0.022741228,,
E07000027,865.3,Barrow-in-Furness,320831,470657,E12000002,12250,10211,54,2388,1063,4588,671,34,Suburban,31259,39.18871365,32.66579225,0.172750248,7.639399853,3.400620621,14.67737292,2.146581784,0.108768675,,
E07000028,106,Carlisle,348339,564335,E12000002,19427,14620,419,1402,5870,7687,1213,25,Rural,50663,38.34553816,28.85735152,0.827033535,2.767305529,11.5863648,15.17280856,2.394252216,0.049345676,,
E07000029,91.7,Copeland,310947,502927,E12000002,12988,8849,98,1635,3794,2726,673,25,Rural,30788,42.18526699,28.74171755,0.318305833,5.310510589,12.32298298,8.854099,2.185916591,0.081200468,,
E07000030,25.5,Eden,359952,524354,E12000002,11661,5702,256,399,2143,3522,930,0,Rural,24613,47.37740219,23.16661927,1.04010076,1.621094544,8.706780969,14.30951123,3.778491041,0,,
E07000031,68,South Lakeland,344716,488871,E12000002,22394,11873,276,2201,2911,6525,1449,28,Rural,47657,46.98994901,24.91344399,0.579138427,4.61841912,6.108231739,13.6915878,3.04047674,0.058753174,,
E07000032,475.6,Amber Valley,435845,348157,E12000004,23051,17474,297,2302,4867,7174,1061,51,Rural,56277,40.95989481,31.0499849,0.527746682,4.090481014,8.648293264,12.7476589,1.88531727,0.090623168,-1.46219,53.02884
E07000033,500.7,Bolsover,448358,368917,E12000004,12391,10873,117,4647,1115,5373,683,63,Suburban,35262,35.13981056,30.83489309,0.33180194,13.17849243,3.162044127,15.237366,1.936929272,0.178662583,-1.27228,53.23874
E07000034,1568.4,Chesterfield,440052,373318,E12000004,17249,12824,158,8428,1539,6882,899,79,Suburban,48058,35.89204711,26.68442299,0.328769404,17.53714262,3.202380457,14.32019643,1.87065629,0.164384702,-1.40115,53.25574
E07000035,90.3,Derbyshire Dales,420549,359062,E12000004,15405,7824,319,942,3133,3731,919,10,Rural,32283,47.71861351,24.23566583,0.988136171,2.917944429,9.704798191,11.55716631,2.846699501,0.030976056,-1.70708,53.12327
E07000036,1029.9,Erewash,443979,337734,E12000004,18887,16285,265,1775,4623,7518,952,31,Suburban,50336,37.52185315,32.35259059,0.526462174,3.526303242,9.184281627,14.93563255,1.891290528,0.061586141,-1.35089,52.93819
E07000037,168.7,High Peak,408491,386271,E12000004,16367,12562,284,3610,1347,5633,912,57,Rural,40772,40.14274502,30.81036005,0.69655646,8.85411557,3.303737859,13.81585402,2.236829197,0.139801825,-1.844,53.38563
E07000038,370.1,North East Derbyshire,436969,370027,E12000004,18959,13467,270,7020,1577,3841,767,86,Rural,45987,41.22686846,29.28436297,0.587122448,15.26518364,3.42923,8.35236045,1.667862657,0.187009372,-1.44253,53.16243
E07000041,2780,Exeter,293498,92447,E12000009,16369,13703,583,4640,4087,12024,1083,65,Urban,52554,31.14701069,26.07413327,1.10933516,8.829013967,7.776762949,22.87932412,2.060737527,0.123682308,-3.51368,50.71782
E07000042,90.8,Mid Devon,290588,109637,E12000009,14110,9988,365,2830,1674,5704,908,52,Rural,35631,39.60034801,28.03177009,1.024388875,7.942521961,4.6981561,16.0085319,2.548342735,0.145940333,-3.5921,50.86884
E07000043,90.8,North Devon,265967,131782,E12000009,18055,11025,477,1110,3701,7364,1449,17,Rural,43198,41.79591648,25.52201491,1.104217788,2.569563406,8.567526274,17.04708551,3.354321959,0.039353674,-3.92688,51.07621
E07000045,200.1,Teignbridge,282849,79821,E12000009,25889,16770,775,1324,4370,9357,1326,26,Rural,59837,43.26587229,28.02613767,1.295185253,2.212677775,7.303173622,15.63748183,2.216020188,0.043451376,-3.65289,50.60981
E07000046,69.2,Torridge,241935,112003,E12000009,13870,7316,265,467,2380,5157,995,8,Rural,30458,45.53811806,24.01996191,0.870050561,1.533258914,7.814039005,16.93151225,3.266793617,0.026265677,-4.21728,50.90739
E07000047,49.2,West Devon,255465,86000,E12000009,11569,6043,176,495,2000,3830,696,9,Rural,24818,46.61535982,24.34926263,0.709162704,1.994520106,8.058667096,15.43234749,2.80441615,0.036264002,-4.03358,50.66482
E07000061,2302.6,Eastbourne,559822,99749,E12000008,16305,10924,270,3223,2717,11117,1001,53,Suburban,45610,35.74873931,23.95088796,0.591975444,7.0664328,5.957026968,24.37404078,2.194694146,0.116202587,0.258516,50.77387
E07000062,3053.9,Hastings,580952,110924,E12000008,12644,10243,203,918,4853,10642,930,18,Urban,40451,31.25757089,25.32199451,0.501841734,2.269412375,11.99723122,26.30837309,2.299077897,0.044498282,0.578395,50.86724
E07000063,342,Lewes,541167,111026,E12000008,18524,12549,410,3162,1612,6524,860,47,Rural,43688,42.40065922,28.72413477,0.938472807,7.237685406,3.689800403,14.93316242,1.968503937,0.107581029,0.007658,50.83342
E07000067,253.8,Braintree,578133,230213,E12000006,22262,21828,475,2187,8406,8573,1222,30,Rural,64983,34.2581906,33.59032362,0.730960405,3.365495591,12.93569087,13.19268116,1.880491821,0.04616592,0.575912,51.91635
E07000068,503.2,Brentwood,559999,195829,E12000006,11797,11461,214,2649,1011,4589,574,48,Suburban,32343,36.47466221,35.43579755,0.661657855,8.190334848,3.125869585,14.18854157,1.774727143,0.148409238,0.290091,51.64108
E07000069,2005.4,Castle Point,579982,185122,E12000006,16937,13000,135,1423,628,4585,655,26,Suburban,37389,45.29941962,34.76958464,0.361068764,3.805932226,1.679638396,12.26296504,1.751852149,0.069539169,0.588127,51.56159
E07000070,535.9,Chelmsford,571456,205876,E12000006,27057,25691,879,1619,8398,10479,1245,33,Suburban,75401,35.88413947,34.07249241,1.165767032,2.147186377,11.13778332,13.89769366,1.651171735,0.043765998,0.491177,51.73503
E07000071,587.2,Colchester,597077,223202,E12000006,26126,25352,419,5645,4940,15003,2162,64,Suburban,79711,32.77590295,31.80489518,0.525648907,7.081833122,6.197388064,18.82174355,2.712298177,0.080290048,0.85982,51.87701
E07000072,398.2,Epping Forest,548522,203300,E12000006,19180,18807,353,6215,1778,7082,1065,79,Rural,54559,35.15460327,34.47093972,0.647005994,11.39133782,3.258857384,12.98044319,1.95201525,0.144797375,0.154146,51.71278
E07000074,185,Maldon,592438,204831,E12000006,12224,9034,227,266,2866,2670,609,4,Rural,27900,43.81362007,32.37992832,0.813620072,0.953405018,10.27240143,9.569892473,2.182795699,0.014336918,0.773106,51.77458
E07000076,440.9,Tendring,614571,223776,E12000006,31510,16704,315,2702,2804,11829,1541,47,Rural,67452,46.71470082,24.76427682,0.466998755,4.00581154,4.157030184,17.53691514,2.284587559,0.069679179,1.108981,51.85674
E07000079,78,Cotswold,407474,213072,E12000009,16177,10260,869,675,5557,5592,1457,10,Rural,40597,39.847772,25.27280341,2.140552258,1.662684435,13.68820356,13.77441683,3.588935143,0.024632362,-1.97058,51.77255
E07000080,165.4,Forest of Dean,366318,214546,E12000009,16466,10552,319,832,4004,4072,959,13,Rural,37217,44.24322218,28.35263455,0.85713518,2.235537523,10.75852433,10.94123653,2.576779429,0.034930274,-2.47755,51.81249
E07000082,263,Stroud,379361,203473,E12000009,21548,16532,631,4521,1909,6125,1028,84,Rural,52378,41.13940968,31.56286991,1.204704265,8.631486502,3.644659972,11.69384093,1.962656077,0.160372676,-2.30818,51.72001
E07000084,292.1,Basingstoke and Deane,455819,153006,E12000008,23475,26170,1475,765,12946,10412,1388,14,Rural,76645,30.62822102,34.14443212,1.924456912,0.998108161,16.89086046,13.58470872,1.810946572,0.018266032,-1.22023,51.25937
E07000085,244.4,East Hampshire,473316,131076,E12000008,21080,17391,756,920,5687,5692,1184,9,Rural,52719,39.98558395,32.98810675,1.434018096,1.745101387,10.78738216,10.7968664,2.245869611,0.017071644,-0.93965,51.05774
E07000086,1712.1,Eastleigh,447331,115065,E12000008,20012,20379,1160,673,6757,7081,855,7,Suburban,56924,35.15564612,35.8003654,2.037804792,1.182278125,11.87021292,12.43939287,1.50200267,0.012297098,-1.32947,50.94876
E07000087,1542.1,Fareham,454571,106165,E12000008,21154,17037,342,2237,1722,4990,1116,41,Suburban,48639,43.49184811,35.02744711,0.703139456,4.59918995,3.54036884,10.25925697,2.294455067,0.084294496,-1.23742,50.85388
E07000088,3229.8,Gosport,459361,100995,E12000008,12314,10535,434,2998,2864,5481,1233,61,Urban,35920,34.28173719,29.32906459,1.208240535,8.346325167,7.973273942,15.25890869,3.432628062,0.169821826,-1.16731,50.80636
E07000089,461.8,Hart,476958,154529,E12000008,14958,15304,742,370,3144,4428,1014,5,Rural,39965,37.42774928,38.29350682,1.856624546,0.925810084,7.866883523,11.07969473,2.537220068,0.012510947,-0.88321,51.28198
E07000091,233.7,New Forest,426464,106633,E12000008,36150,21371,504,4976,3391,9259,1865,51,Rural,77567,46.60487063,27.55166501,0.649760852,6.415099205,4.371704462,11.93677724,2.404372994,0.06574961,-1.59293,50.85751
E07000092,2554.9,Rushmoor,486069,153516,E12000008,9979,13795,679,945,5424,6510,1939,32,Urban,39303,25.38991934,35.09910185,1.727603491,2.404396611,13.80047325,16.5636211,4.933465639,0.081418721,-0.76807,51.27815
E07000093,207.9,Test Valley,434314,136669,E12000008,19742,17974,1049,1935,5907,6356,1714,29,Rural,54706,36.08744927,32.85562827,1.917522758,3.537089168,10.79771871,11.61846964,3.133111542,0.053010639,-1.50214,51.13417
E07000094,192.8,Winchester,454712,125708,E12000008,18648,15270,702,4950,2987,7489,1607,59,Rural,51712,36.06126238,29.52892946,1.357518564,9.572246287,5.776222153,14.48213181,3.107595916,0.114093441,-1.24393,51.03002
E07000095,1924.9,Broxbourne,534904,204646,E12000006,13178,14179,420,1400,4283,5783,584,23,Suburban,39850,33.06900878,35.58092848,1.053952321,3.513174404,10.74780427,14.5119197,1.465495609,0.057716437,-0.05073,51.7208
E07000096,729.8,Dacorum,500758,209858,E12000006,19598,20937,394,9863,3457,8214,879,70,Suburban,63412,30.90582224,33.01740995,0.621333502,15.55383839,5.45164953,12.95338422,1.386172964,0.110389201,-0.55098,51.76845
E07000098,1065.9,Hertsmere,518976,199022,E12000006,13227,14172,488,873,6528,6544,826,24,Suburban,42682,30.98964435,33.20369242,1.143339113,2.045358699,15.29450354,15.33199007,1.935242022,0.056229792,-0.26899,51.68017
E07000099,354.9,North Hertfordshire,524291,230523,E12000006,18933,17828,642,3476,7118,7756,966,14,Rural,56733,33.37211147,31.42439145,1.131616519,6.126945517,12.5464897,13.67105565,1.702712707,0.024676996,-0.22316,51.95732
E07000102,1055.8,Three Rivers,506561,196949,E12000006,12806,13334,276,1518,3949,4296,660,18,Suburban,36857,34.74509591,36.1776596,0.748840112,4.118620615,10.71438261,11.65585913,1.790704615,0.048837399,-0.45005,51.65632
E07000106,509.9,Canterbury,616375,158359,E12000008,24477,16836,586,5006,2794,12522,1502,69,Suburban,63792,38.37001505,26.39202408,0.918610484,7.847378982,4.379859544,19.62942062,2.354527213,0.108164033,1.096328,51.28102
E07000107,1605.3,Dartford,556785,172676,E12000008,12302,17694,1042,4274,2040,7617,658,67,Suburban,45694,26.92257189,38.72280825,2.280386922,9.353525627,4.464481113,16.66958463,1.440014006,0.146627566,0.245276,51.43373
E07000108,369.2,Dover,629815,151044,E12000008,19753,13725,387,4196,2843,8379,1216,53,Rural,50552,39.07461624,27.15026112,0.765548346,8.300363982,5.623912011,16.57501187,2.405443899,0.104842538,1.276887,51.21176
E07000109,1079.9,Gravesham,566746,170115,E12000008,13018,12942,443,5308,1962,7276,674,101,Suburban,41724,31.20026843,31.01811907,1.061739047,12.72169495,4.702329594,17.43840476,1.615377241,0.242066916,0.398744,51.39649
E07000110,446.9,Maidstone,580248,151563,E12000008,24192,23799,1350,1887,7620,10725,1614,21,Rural,71208,33.97371082,33.42180654,1.895854398,2.649983148,10.70104483,15.06150994,2.266599259,0.029491068,0.584061,51.23566
E07000111,326.4,Sevenoaks,551567,155211,E12000008,18769,16297,913,996,5469,5572,976,22,Rural,49014,38.29314074,33.24968376,1.862733097,2.032072469,11.15803648,11.36818052,1.991267801,0.044885135,0.188936,51.27563
E07000113,406.2,Swale,595988,164044,E12000008,20788,19727,820,1325,6716,9851,1251,17,Rural,60495,34.36317051,32.60930655,1.355483924,2.190263658,11.10174395,16.28399041,2.067939499,0.028101496,0.776893,51.32251
E07000114,1356.9,Thanet,632674,166985,E12000008,22731,15431,282,2940,4456,14755,1579,26,Suburban,62200,36.54501608,24.80868167,0.453376206,4.726688103,7.163987138,23.72186495,2.538585209,0.041800643,1.328226,51.35252
E07000115,550.6,Tonbridge and Malling,564511,155282,E12000008,18379,19126,1108,1001,7254,5757,937,9,Suburban,53571,34.30774113,35.70215228,2.068283213,1.868548282,13.54090833,10.74648597,1.749080659,0.016800134,0.349305,51.26063
E07000116,348,Tunbridge Wells,570254,137789,E12000008,16324,15069,521,946,6083,8297,971,13,Rural,48224,33.85036496,31.24792634,1.080374917,1.961678832,12.61405109,17.20512608,2.013520239,0.026957532,0.471631,51.10253
E07000117,855,Burnley,385506,431414,E12000002,13051,10785,91,1747,4462,8621,1075,39,Suburban,39871,32.73306413,27.0497354,0.228236061,4.381630759,11.19109127,21.6222317,2.69619523,0.097815455,-2.2308,53.77404
E07000118,580.6,Chorley,357265,418497,E12000002,18558,17598,358,1218,5419,6056,908,20,Suburban,50135,37.01605665,35.10122669,0.714072006,2.429440511,10.8088162,12.07938566,1.811110003,0.039892291,-2.61923,53.67238
E07000121,252.1,Lancaster,353328,463919,E12000002,23152,17114,488,3384,2769,11460,1569,42,Rural,59978,38.6008203,28.53379573,0.813631665,5.642068759,4.616692787,19.1070059,2.615959185,0.070025676,-2.6603,54.07901
E07000122,565.4,Pendle,387886,441045,E12000002,14127,10599,77,1421,3070,7622,1119,31,Suburban,38066,37.11185835,27.84374507,0.20228025,3.73299007,8.064939841,20.02311774,2.939631167,0.081437503,-2.18956,53.88636
E07000123,1039,Preston,354185,435253,E12000002,18219,16524,511,1882,9101,11923,1410,37,Suburban,59607,30.56520207,27.72157632,0.857281863,3.157347291,15.26834097,20.00268425,2.365493986,0.062073246,-2.71804,53.82201
E07000125,513.4,Rossendale,382473,421988,E12000002,10560,10190,72,1186,3328,4459,748,18,Suburban,30561,34.55384313,33.34314977,0.235594385,3.880763064,10.88969602,14.59049115,2.447563889,0.058898596,-2.26149,53.68476
E07000126,981.4,South Ribble,353203,425975,E12000002,19428,17519,376,496,4543,5339,878,6,Suburban,48585,39.98765051,36.05845426,0.77390141,1.020891222,9.35062262,10.98898837,1.807142122,0.012349491,-2.72871,53.72676
E07000127,338.8,West Lancashire,341717,412911,E12000002,18987,15337,443,5517,1441,5754,968,87,Rural,48534,39.12102856,31.60052747,0.912762187,11.36728891,2.969052623,11.85560638,1.994478098,0.179255779,-2.869,53.61284
E07000128,396.7,Wyre,344008,445536,E12000002,22699,14539,407,544,3327,8064,1177,12,Rural,50769,44.71035474,28.63755441,0.801670311,1.071520022,6.553211606,15.88370856,2.318343871,0.023636471,-2.8036,53.89991
E07000129,788.9,Blaby,452852,297375,E12000004,17012,16150,459,482,3015,4761,688,8,Suburban,42575,39.95772167,37.93305931,1.078097475,1.132119789,7.081620669,11.18261891,1.615971814,0.01879037,-1.19887,52.57706
E07000130,659.2,Charnwood,457739,315833,E12000004,27619,23916,738,4921,3711,11541,1273,66,Suburban,73785,37.43172732,32.41309209,1.000203293,6.669377245,5.029477536,15.64139053,1.725282917,0.089449075,-1.13694,52.7399
E07000131,165,Harborough,467383,293977,E12000004,16484,14148,805,405,3126,4687,752,7,Rural,40414,40.7878458,35.00767061,1.991884001,1.002127975,7.734943336,11.59746622,1.860741327,0.01732073,-0.90228,52.53764
E07000132,382.2,Hinckley and Bosworth,441354,302271,E12000004,19715,17074,451,3005,2044,6199,915,42,Rural,49445,39.8725857,34.5312974,0.912124583,6.077459804,4.133886136,12.5371625,1.850541005,0.084942866,-1.41755,52.60877
E07000133,107.5,Melton,477226,322729,E12000004,9160,6871,249,1641,775,3382,499,22,Rural,22599,40.53276694,30.40400018,1.101818665,7.261383247,3.429355281,14.96526395,2.208062304,0.09734944,-0.8544,52.80326
E07000134,374.8,North West Leicestershire,440239,317453,E12000004,16599,15690,479,4066,2023,5385,689,43,Rural,44974,36.90799128,34.8868235,1.065059812,9.040779117,4.498154489,11.97358474,1.531996265,0.095610797,-1.42215,52.74251
E07000135,2454.9,Oadby and Wigston,461524,299185,E12000004,9711,7304,160,1116,677,3248,375,25,Suburban,22616,42.93862752,32.29571984,0.707463742,4.934559604,2.99345596,14.36151397,1.658118146,0.11054121,-1.093,52.58875
E07000137,80.5,East Lindsey,535540,374440,E12000004,29907,13738,686,1495,5800,10971,2139,18,Rural,64754,46.18556383,21.2156778,1.059394014,2.308737684,8.956975631,16.9425827,3.30327084,0.027797511,0.020516,53.26446
E07000138,2908.9,Lincoln,496573,370718,E12000004,11092,10374,387,7162,1791,10634,924,142,Urban,42506,26.09513951,24.40596622,0.9104597,16.84938597,4.213522797,25.01764457,2.173810756,0.334070484,-0.55848,53.21921
E07000139,128,North Kesteven,504210,354897,E12000004,20386,16724,536,3685,1428,6299,1865,66,Rural,50989,39.98117241,32.79923121,1.051207123,7.227048971,2.800604052,12.3536449,3.65765165,0.129439683,-0.47664,53.08059
E07000140,126.8,South Holland,532780,324067,E12000004,16604,11717,436,3693,1243,6055,888,67,Rural,40703,40.79306194,28.78657593,1.071174115,9.073041299,3.053828956,14.87605336,2.181657372,0.164607031,-0.03057,52.78759
E07000141,152.1,South Kesteven,499893,329594,E12000004,23765,19155,654,5536,2315,9998,1327,97,Rural,62847,37.81405636,30.4787818,1.040622464,8.80869413,3.683548936,15.90847614,2.111477079,0.154343087,-0.49568,52.84885
E07000143,108.4,Breckland,592273,302678,E12000006,24126,16335,433,1653,6854,9186,1744,27,Rural,60358,39.97150336,27.06352099,0.717386262,2.738659333,11.35557838,15.21919215,2.889426422,0.044733093,0.818717,52.59422
E07000144,238.6,Broadland,623735,316663,E12000006,26448,18088,498,650,4969,5951,1144,12,Rural,57760,45.78947368,31.31578947,0.862188366,1.12534626,8.602839335,10.30297784,1.980609418,0.020775623,1.252273,52.69622
E07000145,572.2,Great Yarmouth,647815,311075,E12000006,16978,10538,133,5464,1749,8504,1072,107,Suburban,44545,38.11426647,23.65697609,0.298574475,12.26624761,3.926366596,19.09080705,2.406555169,0.240206533,1.64951,52.68439
E07000146,107.2,Kings Lynn and West Norfolk,566910,317216,E12000006,28053,17150,323,2167,7013,10482,2222,54,Rural,67464,41.58217716,25.42096526,0.478773865,3.212083482,10.39517372,15.53717538,3.293608443,0.080042689,0.533245,52.71285
E07000148,3688.2,Norwich,622020,308886,E12000006,14312,12793,367,14240,5278,15986,1365,116,Urban,64457,22.20394992,19.84734009,0.569371829,22.09224754,8.188404673,24.80103014,2.117690864,0.179964938,1.284979,52.64013
E07000149,156.4,South Norfolk,622377,295780,E12000006,25720,19175,756,1411,5773,7213,1314,19,Rural,61381,41.9022173,31.23930858,1.231651488,2.298756944,9.405190531,11.75119337,2.140727587,0.030954204,1.373247,52.51217
E07000163,48.4,Craven,388715,464893,E12000003,11826,6837,184,457,2037,3963,755,10,Rural,26069,45.36422571,26.22655261,0.705819172,1.753040009,7.813878553,15.20196402,2.89616019,0.038359738,,
E07000164,69.2,Hambleton,444420,488149,E12000003,17772,10373,355,575,4893,5245,1581,6,Rural,40800,43.55882353,25.42401961,0.870098039,1.409313725,11.99264706,12.85539216,3.875,0.014705882,,
E07000165,124.4,Harrogate,426573,463534,E12000003,28936,20971,647,3740,3282,11484,2038,71,Rural,71169,40.65815172,29.46648119,0.909103683,5.255097023,4.611558403,16.13623909,2.863606345,0.099762537,,
E07000166,37.7,Richmondshire,404370,496225,E12000003,8518,4974,119,1450,991,3142,1724,28,Rural,20946,40.6664757,23.74677743,0.568127566,6.92256278,4.731213597,15.00047742,8.230688437,0.133677074,,
E07000167,36.3,Ryedale,475009,480011,E12000003,10820,5686,190,331,2840,3958,883,7,Rural,24715,43.77908153,23.0062715,0.768763909,1.339267651,11.49099737,16.01456605,3.572729112,0.028322881,,
E07000169,153.5,Selby,457071,432688,E12000003,14590,14325,447,2923,1928,4571,739,39,Rural,39562,36.87882311,36.20898842,1.129872099,7.388403013,4.873363328,11.55401648,1.867954097,0.098579445,,
E07000170,1152.8,Ashfield,449768,355201,E12000004,19484,17266,221,6135,1995,8261,1036,111,Suburban,54509,35.74455594,31.67550313,0.405437634,11.25502211,3.659946064,15.15529546,1.90060357,0.203636097,-1.25422,53.09747
E07000171,184.7,Bassetlaw,469431,382275,E12000004,19442,15672,217,6124,1573,7210,1141,79,Rural,51458,37.78226903,30.45590579,0.421703137,11.90096778,3.056861907,14.01142679,2.217342299,0.153523262,-0.9787,53.35604
E07000172,1385,Broxtowe,449657,342283,E12000004,19301,15153,151,4029,1308,7409,946,65,Suburban,48362,39.90943303,31.3324511,0.312228609,8.330920971,2.704602787,15.31987924,1.956081221,0.134403044,-1.25944,52.97208
E07000173,977.4,Gedling,459166,348277,E12000004,20649,17417,270,2084,2911,7136,1055,29,Suburban,51551,40.05547904,33.78595954,0.523753176,4.042598592,5.646835173,13.84260247,2.046517041,0.056254971,-1.11907,53.02434
E07000175,188.8,Newark and Sherwood,472378,359080,E12000004,20525,16268,437,5133,2280,7476,1148,65,Rural,53332,38.48533713,30.50326258,0.819395485,9.624615615,4.275106878,14.01785045,2.152553814,0.121878047,-0.94643,53.1096
E07000176,291,Rushcliffe,464834,334124,E12000004,20508,17253,524,886,3387,6450,862,13,Rural,49883,41.11220255,34.58693342,1.050458072,1.776156206,6.789888339,12.9302568,1.728043622,0.026060983,-1.01097,52.9124
E07000177,273.5,Cherwell,449860,229130,E12000008,21431,21408,1253,1427,7315,11453,1580,26,Rural,65893,32.52394033,32.48903525,1.901567693,2.165632161,11.10133095,17.38120893,2.39782678,0.039457909,-1.28506,51.88718
E07000178,3553,Oxford,452441,206500,E12000008,13993,11042,793,7414,4140,16150,1612,95,Urban,55239,25.33174026,19.98950017,1.435579934,13.42167671,7.494704828,29.23659009,2.918228064,0.171979942,-1.24405,51.75357
E07000179,219.7,South Oxfordshire,464397,193175,E12000008,23180,20015,1116,1092,6294,7921,1863,17,Rural,61498,37.69228268,32.54577385,1.814693161,1.775667501,10.23447917,12.88009366,3.029366809,0.027643175,-1.07847,51.62288
E07000180,240.5,Vale of White Horse,438787,192976,E12000008,20812,18398,1055,1260,6946,7003,1999,24,Rural,57497,36.19667113,31.99819121,1.834878341,2.191418683,12.08063029,12.1797659,3.476703132,0.041741308,-1.48537,51.65444
E07000181,159.9,West Oxfordshire,434067,215553,E12000008,17963,14082,995,788,5575,6580,1990,8,Rural,47981,37.43773577,29.34911736,2.073737521,1.64231675,11.61918259,13.7137617,4.147475042,0.016673267,-1.50292,51.83991
E07000187,157,Mendip,362056,144991,E12000009,20657,13884,605,1149,4902,7770,1307,20,Rural,50294,41.07249374,27.60567861,1.20292679,2.284566748,9.746689466,15.44915895,2.598719529,0.039766175,,
E07000188,222.2,Sedgemoor,333465,143276,E12000009,21144,15677,493,3618,3269,8494,1157,52,Rural,53904,39.2252894,29.08318492,0.914588899,6.711932324,6.06448501,15.75764322,2.14640843,0.096467795,,
E07000189,180,South Somerset,350246,121192,E12000009,31355,20226,840,2166,8567,10552,2182,48,Rural,75936,41.29135061,26.63558786,1.10619469,2.852402023,11.28186894,13.89591235,2.873472398,0.063211125,,
E07000192,1274.3,Cannock Chase,401418,312745,E12000005,14718,14438,297,4894,2137,6109,753,110,Suburban,43456,33.8687408,33.2244109,0.683449926,11.26196613,4.91761782,14.05789764,1.732787187,0.253129602,-1.98277,52.70166
E07000193,320.5,East Staffordshire,412763,329519,E12000005,18695,15583,357,2276,4358,8846,1146,32,Rural,51293,36.44746847,30.38036379,0.696001404,4.437252647,8.496286043,17.24601798,2.234222993,0.06238668,-1.81441,52.83652
E07000194,321.3,Lichfield,413297,310036,E12000005,18902,14528,445,738,5194,4926,891,8,Rural,45632,41.42268583,31.83730715,0.975192847,1.617286115,11.38236325,10.7950561,1.952577139,0.017531557,-1.76059,52.69615
E07000195,584.5,Newcastle-under-Lyme,378749,344081,E12000005,20435,15716,350,2774,6368,6613,1122,45,Suburban,53423,38.25131498,29.41804092,0.655148532,5.192520076,11.91995957,12.37856354,2.100219007,0.084233383,-2.32628,53.00347
E07000196,271.2,South Staffordshire,388140,303026,E12000005,20310,14049,402,625,5846,4126,747,16,Rural,46121,44.03633919,30.46117821,0.871620303,1.355131068,12.67535396,8.94603326,1.619652653,0.034691355,-2.15496,52.69691
E07000197,228.8,Stafford,388230,327866,E12000005,23474,18558,500,2042,6104,7788,1548,33,Rural,60047,39.09271071,30.90579046,0.832681066,3.400669476,10.16537046,12.96984029,2.577980582,0.05495695,-2.16477,52.84791
E07000199,2549.6,Tamworth,421984,303220,E12000005,10967,11070,233,4104,1822,4192,451,56,Urban,32895,33.33941328,33.65253078,0.708314333,12.47606019,5.538835689,12.74357805,1.371029032,0.170238638,-1.68455,52.62028
E07000200,155.5,Babergh,599986,243163,E12000006,17460,11098,289,3370,1963,4910,1049,61,Rural,40200,43.43283582,27.60696517,0.718905473,8.383084577,4.883084577,12.21393035,2.609452736,0.151741294,0.916149,52.0645
E07000203,117.9,Mid Suffolk,611211,265459,E12000006,19151,13607,446,3141,1870,4874,1205,50,Rural,44344,43.18735342,30.68509832,1.005773047,7.083258163,4.217030489,10.99134043,2.717391304,0.112754826,1.096951,52.21856
E07000207,1459.6,Elmbridge,512060,163238,E12000008,18809,20832,586,939,4669,8828,897,27,Suburban,55587,33.83704823,37.47638836,1.054203321,1.689243888,8.399445914,15.88141112,1.613686653,0.048572508,-0.3944,51.36095
E07000208,2375.4,Epsom and Ewell,521188,161461,E12000008,11364,11803,358,193,2550,4561,487,5,Suburban,31321,36.28236646,37.68398199,1.143003097,0.616199994,8.141502506,14.56211488,1.554867341,0.01596373,-0.26172,51.33946
E07000209,530.2,Guildford,500446,150851,E12000008,19267,17717,729,4864,2202,9552,1378,51,Suburban,55760,34.55344333,31.77367288,1.307388809,8.723098996,3.949067432,17.13055954,2.471305595,0.091463415,-0.56257,51.25366
E07000210,338.3,Mole Valley,517049,147214,E12000008,15136,12053,380,574,3753,4506,732,5,Rural,37139,40.75500148,32.45375481,1.023183177,1.545545114,10.10528016,12.13279841,1.970973909,0.013462937,-0.30603,51.22749
E07000211,1168.1,Reigate and Banstead,526286,152009,E12000008,20196,22374,969,1082,5825,8482,905,16,Suburban,59849,33.74492473,37.38408328,1.619074671,1.807883173,9.732827616,14.17233371,1.512138883,0.026733947,-0.19871,51.25846
E07000212,1128.6,Runnymede,501617,167042,E12000008,11431,11710,506,2771,1728,5907,745,40,Suburban,34838,32.81187209,33.61272174,1.452436994,7.953958321,4.960101039,16.95562317,2.138469487,0.114817154,-0.53855,51.39274
E07000213,2293.9,Spelthorne,506652,170605,E12000008,13980,14489,531,771,4525,6783,704,21,Suburban,41804,33.44177591,34.65936274,1.270213377,1.844321118,10.82432303,16.22572003,1.684049373,0.050234427,-0.46254,51.41552
E07000215,354.1,Tandridge,536712,149345,E12000008,13326,13203,412,2496,1443,3973,757,13,Rural,35623,37.40841591,37.06313337,1.156556158,7.006709149,4.050753727,11.15290683,2.125031581,0.036493277,-0.04809,51.23584
E07000216,371.5,Waverley,495682,139877,E12000008,20039,17598,642,4657,1770,6494,1209,39,Rural,52448,38.2073673,33.55323368,1.224069555,8.879270897,3.374771202,12.38178768,2.305140329,0.074359365,-0.62343,51.15686
E07000217,1634.4,Woking,500423,158249,E12000008,13251,14280,338,2965,1827,7966,772,39,Suburban,41438,31.97789469,34.46112264,0.815676432,7.155268111,4.408996573,19.22390077,1.863024277,0.094116511,-0.57981,51.30839
E07000218,228.8,North Warwickshire,425346,294421,E12000005,10558,8856,261,2490,1262,3588,522,44,Rural,27581,38.27997535,32.10906059,0.946303615,9.027954026,4.575613647,13.00895544,1.89260723,0.159530111,-1.6242,52.56486
E07000219,1699.7,Nuneaton and Bedworth,435701,289373,E12000005,19829,18675,461,5412,2745,8355,1044,64,Suburban,56585,35.04285588,33.00344614,0.814703543,9.564372183,4.851108951,14.76539719,1.845011929,0.11310418,-1.47964,52.50094
E07000220,325.7,Rugby,445826,276476,E12000005,15703,16012,692,3399,2675,7460,1014,60,Rural,47015,33.39997873,34.05721578,1.47187068,7.229607572,5.689673508,15.8672764,2.156758481,0.127618845,-1.31828,52.38228
E07000221,137.8,Stratford-on-Avon,425910,253437,E12000005,24156,17967,1060,958,6948,7055,1308,11,Rural,59463,40.62358105,30.21542808,1.782621126,1.611085885,11.68457696,11.86452079,2.1996872,0.018498898,-1.63565,52.16155
E07000222,524.8,Warwick,428512,268090,E12000005,21411,19541,899,5251,3553,10844,1066,53,Suburban,62618,34.19304353,31.20668178,1.435689418,8.385767671,5.674087323,17.31770417,1.702385895,0.084640199,-1.58369,52.30142
E07000223,1534.4,Adur,519857,106296,E12000008,11101,8835,184,2431,1005,3537,558,27,Suburban,27678,40.10766674,31.92065901,0.664787918,8.783149071,3.631042705,12.77910254,2.016041622,0.097550401,-0.32417,50.84572
E07000224,746.1,Arun,500922,105536,E12000008,32182,19588,836,3210,3564,11801,1424,56,Suburban,72661,44.29060982,26.95806554,1.150548437,4.417775698,4.904969654,16.24117477,1.959785855,0.07707023,-0.64999,50.84321
E07000225,157.8,Chichester,488437,116059,E12000008,22715,12657,754,1057,7100,8089,1718,28,Rural,54118,41.97309583,23.38778225,1.393251783,1.953139436,13.11947966,14.94696774,3.174544514,0.051738793,-0.7163,50.94177
E07000226,2634.9,Crawley,527313,137822,E12000008,10940,14423,560,7969,2463,8352,663,132,Urban,45502,24.04289921,31.6975078,1.230715133,17.51351589,5.412948881,18.35523713,1.45707881,0.290097139,-0.19533,51.12357
E07000227,276.8,Horsham,514696,122819,E12000008,24482,20583,1072,775,6380,7795,1260,23,Rural,62370,39.25284592,33.001443,1.718775052,1.242584576,10.2292769,12.49799583,2.02020202,0.036876704,-0.38126,51.00272
E07000228,456.8,Mid Sussex,531427,126224,E12000008,23259,22754,810,460,6352,8568,1142,4,Rural,63349,36.71565455,35.91848332,1.278631075,0.726136166,10.02699332,13.52507538,1.802711961,0.006314228,-0.10275,51.05954
E07000229,3423.7,Worthing,513043,104470,E12000008,18052,15388,322,1051,3794,10012,904,15,Urban,49538,36.44071218,31.06302233,0.650006056,2.121603617,7.658767007,20.21074731,1.824861722,0.030279785,-0.40127,50.8331
E07000234,457.1,Bromsgrove,398961,273791,E12000005,17483,14511,458,1452,2965,3719,660,16,Rural,41264,42.36865064,35.16624661,1.109926328,3.518805739,7.185440093,9.01269872,1.599457154,0.038774719,-2.00376,52.36169
E07000235,137.7,Malvern Hills,376452,253907,E12000005,15753,9020,451,753,4248,3896,757,11,Rural,34889,45.15176703,25.85342085,1.292671042,2.158273381,12.1757574,11.16684342,2.169738313,0.031528562,-2.33092,52.16759
E07000236,1604.4,Redditch,403427,264902,E12000005,11254,12184,291,5281,2050,4718,525,75,Suburban,36378,30.93628017,33.49277036,0.799934026,14.51701578,5.635274067,12.9693771,1.443179944,0.206168563,-1.9471,52.28541
E07000237,3121.4,Worcester,385680,255359,E12000005,14320,13142,472,2155,5114,8593,901,27,Urban,44724,32.01860299,29.38467042,1.055361774,4.818442,11.43457651,19.21339773,2.014578302,0.060370271,-2.20997,52.19477
E07000238,199.7,Wychavon,396608,251844,E12000005,23188,16997,708,1478,7476,6337,1156,16,Rural,57356,40.4282028,29.63421438,1.234395704,2.576888207,13.03438176,11.04853895,2.015482251,0.027895948,-2.01614,52.12886
E07000239,520,Wyre Forest,381336,275771,E12000005,18477,12681,464,2946,3465,6366,873,48,Suburban,45320,40.77007944,27.98102383,1.023830538,6.500441306,7.645631068,14.04677846,1.926301853,0.105913504,-2.23494,52.3853
E07000240,919.3,St Albans,514441,209482,E12000006,20615,21237,297,4620,2567,8703,899,52,Suburban,58990,34.94660112,36.00101712,0.503475165,7.831835904,4.351585014,14.75334803,1.523987116,0.088150534,-0.3407,51.77356
E07000241,925,Welwyn Hatfield,524698,209206,E12000006,12711,13465,647,8354,3360,6954,632,86,Suburban,46209,27.50762838,29.13934515,1.400160142,18.07872925,7.271310784,15.04901643,1.367698933,0.186110931,-0.18518,51.76087
E07000242,315.7,East Hertfordshire,537205,220364,E12000006,21140,21870,915,1041,7070,8910,1057,20,Rural,62023,34.08413008,35.26111281,1.475259178,1.678409622,11.39899715,14.36563855,1.704206504,0.032246102,0.002739,51.86485
E07000243,3444.8,Stevenage,524559,224521,E12000006,9522,11282,618,7457,2137,4996,474,26,Urban,36512,26.07909728,30.89943032,1.692594216,20.42342244,5.852870289,13.68317266,1.29820333,0.071209465,-0.18987,51.90539
E07000244,195.1,East Suffolk,636456,265500,E12000006,49014,27266,443,5093,9384,16953,2532,64,Rural,110749,44.25683302,24.61963539,0.400003612,4.598687121,8.473214205,15.30758743,2.286250892,0.057788332,1.456187,52.244
E07000245,173.9,West Suffolk,578957,267629,E12000006,26398,20991,942,3962,8773,15003,2626,52,Rural,78747,33.52254689,26.65625357,1.196236047,5.03130278,11.14074187,19.05215437,3.334730212,0.066034262,0.652723,52.3084
E07000246,132.6,Somerset West and Taunton,304672,132836,E12000009,27731,18028,655,5568,5047,11118,1751,88,Rural,69986,39.62363901,25.7594376,0.935901466,7.95587689,7.211442288,15.88603435,2.501928957,0.125739434,,
E08000002,1948.6,Bury,379434,410155,E12000002,27752,26240,292,6718,5326,12628,1621,119,Suburban,80696,34.39080004,32.51710122,0.361851889,8.325071875,6.60007931,15.64885496,2.008773669,0.147467037,-2.3088,53.59309
E08000003,4772.7,Manchester,384645,394923,E12000002,35423,44502,1679,24419,38857,65041,4362,447,Urban,214730,16.49653053,20.72463093,0.781912169,11.37195548,18.09574815,30.28966609,2.031388255,0.208168398,-2.23359,53.47009
E08000004,1700.5,Oldham,396668,406152,E12000002,29384,26845,412,7572,12188,14253,2245,241,Suburban,93140,31.548207,28.82220314,0.442344857,8.12969723,13.08567747,15.30277002,2.410350011,0.258750268,-2.05274,53.55768
E08000005,1415.6,Rochdale,389646,413331,E12000002,27411,26966,342,9972,8843,14535,1968,185,Suburban,90222,30.38172508,29.88849726,0.379064973,11.05273658,9.801378821,16.11026136,2.181286161,0.205049766,-2.14784,53.60741
E08000006,2777.2,Salford,375503,399266,E12000002,25294,28774,646,13599,15628,28651,2202,323,Urban,115117,21.97242805,24.99543942,0.561168203,11.81319875,13.57575336,24.88859161,1.912836505,0.280584101,-2.38485,53.47927
E08000007,2338.3,Stockport,391577,388561,E12000002,46498,43527,1486,9880,6969,16238,1954,96,Suburban,126648,36.71435791,34.36848588,1.173330807,7.801149643,5.502653023,12.82136315,1.542858948,0.075800644,-2.12465,53.39111
E08000008,2239.7,Tameside,395938,397900,E12000002,30363,30158,320,5556,15569,15489,1970,102,Suburban,99527,30.50729953,30.30132527,0.321520793,5.582404775,15.64299135,15.56261115,1.979362384,0.102484753,-2.077,53.47867
E08000009,2216.7,Trafford,376532,391465,E12000002,33149,33238,654,4065,10354,13254,1490,65,Suburban,96269,34.43372217,34.52617146,0.679346415,4.222543082,10.75527948,13.76767184,1.547746419,0.067519139,-2.36572,53.41672
E08000010,1750,Wigan,361033,403243,E12000002,49212,45766,655,20083,4250,20040,2721,378,Suburban,143105,34.38873554,31.98071346,0.45770588,14.03375144,2.969847315,14.00370357,1.901401069,0.264141714,-2.57242,53.51445
E08000011,1787,Knowsley,344694,392430,E12000002,18902,20384,543,7109,9578,8366,1095,96,Suburban,66073,28.60775203,30.85072571,0.821818292,10.75931167,14.49608766,12.66175291,1.657257881,0.145293842,-2.83297,53.43788
E08000012,4346.1,Liverpool,339133,389144,E12000002,50393,46648,1378,9355,45403,49950,4117,247,Urban,207491,24.28683654,22.48193898,0.664125191,4.50862929,21.88191295,24.0733333,1.984182446,0.119041308,-2.91368,53.40833
E08000013,1343.6,St. Helens,352124,396102,E12000002,28023,24026,627,5030,10963,10785,1479,80,Suburban,81013,34.5907447,29.65696863,0.77394986,6.208880056,13.53239604,13.31267821,1.825632923,0.098749583,-2.70309,53.45862
E08000014,1783.4,Sefton,332846,408176,E12000002,46426,35565,845,4159,13576,20029,2428,45,Suburban,123073,37.7223274,28.89748361,0.686584385,3.379295215,11.03085161,16.27408124,1.972812883,0.036563665,-2.99177,53.48212
E08000015,1989.7,Wirral,327405,386273,E12000002,51333,41781,887,5611,16454,24397,2694,95,Suburban,143252,35.83405467,29.16608494,0.619188563,3.916873761,11.48605255,17.03082679,1.880602016,0.066316701,-3.06703,53.37478
E08000016,743.3,Barnsley,431083,404470,E12000003,35620,31733,522,16772,4522,16296,2273,315,Suburban,108053,32.96530406,29.36799534,0.483096258,15.52201235,4.184983295,15.08148779,2.103597309,0.291523604,-1.54925,53.52577
E08000017,542.4,Doncaster,460041,405684,E12000003,44881,39002,563,18396,4298,22953,2988,399,Suburban,133480,33.62376386,29.21935871,0.421786035,13.78183998,3.219958046,17.19583458,2.238537609,0.298921187,-1.10894,53.52695
E08000018,927.7,Rotherham,447556,390471,E12000003,38318,34178,467,18981,4564,14651,2384,383,Suburban,113926,33.63411337,30.00017555,0.409915208,16.66081491,4.006109229,12.86010217,2.092586416,0.336183136,-1.28651,53.39553
E08000021,2646.1,Newcastle upon Tyne,421988,568195,E12000001,30707,29769,580,24431,9045,25300,2678,287,Urban,122797,25.00631123,24.24244892,0.472324242,19.89543718,7.365815126,20.6031092,2.180835037,0.233719065,-1.65297,55.021
E08000022,2538.6,North Tyneside,430940,570503,E12000001,31038,30233,504,14069,5696,12755,1870,67,Urban,96232,32.25330451,31.41678444,0.523734309,14.61987696,5.919029013,13.2544268,1.94322055,0.06962341,-1.50923,55.02896
E08000023,2294.2,South Tyneside,435717,563346,E12000001,20503,18152,336,15720,4488,7742,1283,64,Suburban,68288,30.02430881,26.58153702,0.492033739,23.02014995,6.572164948,11.33727741,1.878807404,0.093720712,-1.44679,54.96988
E08000024,1994.6,Sunderland,435242,554109,E12000001,38312,32680,484,13760,18794,15827,2269,51,Suburban,122177,31.3577842,26.74807861,0.396146574,11.26234889,15.38260065,12.95415667,1.857141688,0.041742718,-1.43344,54.85719
E08000025,4275.4,Birmingham,408620,287849,E12000005,114970,108046,3641,58609,40890,86669,9050,1580,Urban,423455,27.15046463,25.51534402,0.859831623,13.84066784,9.656279888,20.46710985,2.137181046,0.373121111,-1.88141,52.48404
E08000026,3500.7,Coventry,432736,280037,E12000005,40278,36784,906,7244,15522,30134,3061,211,Urban,134140,30.02683763,27.42209632,0.675413747,5.400328016,11.57149247,22.46458924,2.281944237,0.157298345,-1.51905,52.41423
E08000027,3302.4,Dudley,392753,287253,E12000005,51133,39920,618,21157,4864,16644,2296,437,Urban,137069,37.30456923,29.12401783,0.450867811,15.43529171,3.548577724,12.1427894,1.675068761,0.31881753,-2.10171,52.49513
E08000028,3994.9,Sandwell,399516,290879,E12000005,35924,34080,631,27293,7319,21710,2527,762,Urban,130246,27.58165318,26.16587074,0.484467853,20.95496215,5.61936643,16.66845815,1.940174746,0.585046758,-2.00771,52.51477
E08000029,1212.9,Solihull,418611,279457,E12000005,35054,29584,710,8901,3631,10249,1247,106,Suburban,89482,39.17435909,33.06139782,0.793455667,9.947251961,4.057799334,11.45370019,1.393576362,0.118459578,-1.71558,52.431
E08000030,2733.1,Walsall,402370,300150,E12000005,36296,30293,557,9241,17335,16323,2013,168,Urban,112226,32.34188156,26.99285371,0.496319926,8.234277262,15.44650972,14.5447579,1.793701994,0.149697931,-1.97043,52.60505
E08000031,3797.9,Wolverhampton,391927,299026,E12000005,31345,26465,445,19761,6723,17922,2084,397,Urban,105142,29.81206369,25.1707215,0.423237146,18.79458256,6.394209735,17.04551939,1.982081376,0.3775846,-2.12746,52.59788
E08000032,1491.2,Bradford,409656,438737,E12000003,66875,62698,1043,11798,18933,42709,5569,242,Suburban,209867,31.86541953,29.87511138,0.496981422,5.62165562,9.021427857,20.3505077,2.653585366,0.115311126,-1.87389,53.84382
E08000033,567.8,Calderdale,401827,424977,E12000003,31269,27170,366,3793,9377,16210,2227,64,Suburban,90476,34.56054644,30.03006322,0.404527167,4.192271984,10.36407445,17.91635351,2.461426235,0.070736991,-1.9618,53.72047
E08000034,1060.3,Kirklees,415745,414567,E12000003,62352,54256,676,19678,6610,29858,4084,475,Suburban,177989,35.03137834,30.48278264,0.379798752,11.0557394,3.713712645,16.77519397,2.294523819,0.266870425,-1.78085,53.64233
E08000035,1471.7,Leeds,432624,436701,E12000003,95452,99132,1947,51716,18026,68197,6205,791,Suburban,341466,27.95358835,29.03129448,0.57018854,15.14528533,5.279002888,19.97182736,1.817164813,0.231648246,-1.50736,53.82273
E08000036,1043.6,Wakefield,438985,418409,E12000003,48566,47260,1200,22323,10865,19969,2785,107,Suburban,153075,31.72693124,30.8737547,0.783929446,14.58304753,7.097827862,13.04523926,1.81936959,0.069900376,-1.42091,53.65918
E08000037,1378,Gateshead,420364,560133,E12000001,27161,24448,350,17308,5026,12920,1664,122,Suburban,88999,30.51832043,27.46997157,0.393262846,19.44740952,5.647254464,14.51701705,1.869683929,0.137080192,-1.68696,54.93115
E09000001,2975,City of London,532539,181164,E12000007,2228,1360,24,898,562,4128,618,10,Urban,9828,22.66992267,13.83801384,0.244200244,9.137159137,5.718355718,42.002442,6.288156288,0.101750102,-0.09351,51.51564
E09000002,6065.8,Barking and Dagenham,548056,184924,E12000007,11130,20189,1274,18077,5196,16443,1447,146,Urban,73902,15.06048551,27.31861113,1.72390463,24.46077237,7.030932857,22.24973614,1.95799843,0.197558929,0.129479,51.54555
E09000003,4488.7,Barnet,524095,192314,E12000007,39083,39324,1633,10030,10004,45180,3525,138,Urban,148917,26.24482094,26.40665606,1.096584003,6.7352955,6.71783611,30.33904793,2.367090393,0.092669071,-0.21819,51.61107
E09000004,4070.7,Bexley,548955,175730,E12000007,31210,34207,1263,2491,11486,13078,1500,65,Urban,95300,32.74921301,35.89401889,1.325288562,2.613850997,12.0524659,13.72298006,1.573976915,0.068205666,0.146212,51.45822
E09000005,7859.6,Brent,520189,185924,E12000007,23933,21660,2246,10444,17432,39732,2994,171,Urban,118612,20.1775537,18.26122146,1.893568947,8.805179914,14.69665801,33.49745388,2.52419654,0.144167538,-0.27568,51.56438
E09000006,2197.7,Bromley,542864,165667,E12000007,44794,48234,1166,2090,15836,21418,2243,47,Suburban,135828,32.97847277,35.51108755,0.858438614,1.538710722,11.65886268,15.76847189,1.651353182,0.034602586,0.039246,51.37266
E09000007,9640.9,Camden,527931,184580,E12000007,14780,12727,715,21051,10199,30382,2630,274,Urban,92758,15.93393562,13.72064943,0.770823002,22.69453848,10.99527804,32.75404817,2.835334958,0.295392311,-0.16291,51.54305
E09000008,4516,Croydon,533300,163557,E12000007,36992,46675,2183,14769,12602,36484,2957,283,Urban,152945,24.18647226,30.51750629,1.427310471,9.656412436,8.239563242,23.85432672,1.933374743,0.185033836,-0.07761,51.36598
E09000009,6611.6,Ealing,515931,181701,E12000007,30275,31539,2658,11326,12056,42063,3427,313,Urban,133657,22.65126406,23.59696836,1.988672498,8.473929536,9.020103698,31.4708545,2.564025827,0.234181524,-0.3141,51.52442
E09000010,4082.5,Enfield,532411,196432,E12000007,31740,31607,1319,12530,8043,32773,2615,296,Urban,120923,26.2481083,26.13812095,1.090776775,10.36196588,6.651340109,27.10237093,2.162533182,0.244783871,-0.08144,51.64889
E09000011,6108.6,Greenwich,542847,177046,E12000007,18473,28454,2471,21257,14070,26863,2225,238,Urban,114051,16.19713988,24.94848796,2.166574603,18.63815311,12.33658626,23.553498,1.950881623,0.208678574,0.050093,51.46394
E09000013,11161.1,Hammersmith and Fulham,523529,178905,E12000007,12483,13607,1208,11840,12391,27284,2274,157,Urban,81244,15.36482694,16.74831372,1.486879031,14.57338388,15.25158781,33.58278765,2.798975924,0.19324504,-0.21735,51.48733
E09000014,8930.2,Haringey,531225,189614,E12000007,18141,20975,1732,15630,10844,35052,2324,393,Urban,105091,17.2621823,19.95889277,1.64809546,14.8728245,10.31867619,33.35395039,2.211416772,0.373961614,-0.1067,51.58771
E09000015,5175.4,Harrow,514912,190121,E12000007,26947,25743,1007,4977,4321,24354,2141,152,Urban,89642,30.06068584,28.71756543,1.123357355,5.55208496,4.820285134,27.16806854,2.388389371,0.169563374,-0.33598,51.59467
E09000016,2332.3,Havering,554032,187245,E12000007,34918,35461,976,9423,4384,14452,1567,95,Suburban,101276,34.47805995,35.01421857,0.963703148,9.30427742,4.328764959,14.26991587,1.547257001,0.093803073,0.235368,51.56519
E09000017,2644,Hillingdon,507905,183585,E12000007,28994,32837,1373,10179,7434,25692,2584,135,Urban,109228,26.54447578,30.06280441,1.257003699,9.319039074,6.805947193,23.52144139,2.365693778,0.123594683,-0.44179,51.53664
E09000018,5148,Hounslow,513589,175668,E12000007,21761,25283,2225,13251,8367,29537,2251,286,Urban,102961,21.13518711,24.55589981,2.161012422,12.86992162,8.126377949,28.68756131,2.186264702,0.27777508,-0.37855,51.46238
E09000019,14574.9,Islington,531145,185005,E12000007,11151,14589,1580,24081,14706,28084,1995,310,Urban,96496,11.55591942,15.1187614,1.63737357,24.95543857,15.24000995,29.10379705,2.06744321,0.32125684,-0.10989,51.54546
E09000020,11816.5,Kensington and Chelsea,525606,179504,E12000007,13301,7890,676,7154,11276,23560,2900,127,Urban,66884,19.88666946,11.79654327,1.010705101,10.69613061,16.85903953,35.22516596,4.33586508,0.189880988,-0.18978,51.49645
E09000021,4512.1,Kingston upon Thames,519327,166705,E12000007,18519,21418,460,4647,2597,16535,1376,76,Urban,65628,28.2181386,32.63546047,0.700920339,7.080819163,3.957152435,25.1950387,2.096666057,0.11580423,-0.28367,51.39296
E09000022,11839.1,Lambeth,530807,174499,E12000007,16180,28289,2441,24126,21117,39228,3101,206,Urban,134688,12.01294844,21.0033559,1.81233666,17.91250891,15.67845688,29.12508909,2.302358042,0.152946068,-0.11385,51.46445
E09000023,8551.5,Lewisham,537676,174051,E12000007,18853,32377,1944,16045,19708,30797,2492,177,Urban,122393,15.40365871,26.45331024,1.58832613,13.10940985,16.10222807,25.16238674,2.036064154,0.144616114,-0.01734,51.4423
E09000024,5721.6,Merton,525579,169458,E12000007,20695,24773,869,2342,9257,21998,1750,42,Urban,81726,25.32241881,30.31226293,1.063309106,2.865673103,11.32687272,26.91677067,2.141301422,0.051391234,-0.18868,51.41058
E09000025,9690.1,Newham,541466,182855,E12000007,14695,20884,2739,17989,14401,41391,3088,324,Urban,115511,12.72173213,18.07966341,2.371202743,15.57340859,12.46721091,35.83295097,2.67333847,0.280492767,0.027261,51.53149
E09000026,5501.9,Redbridge,543919,189405,E12000007,27956,31265,983,6604,5103,29079,2497,227,Urban,103714,26.95489519,30.14539985,0.947798754,6.367510654,4.920261488,28.03768054,2.40758239,0.218871126,0.070085,51.58588
E09000027,3401.9,Richmond upon Thames,517367,172867,E12000007,24535,25826,560,1829,7923,18393,1577,61,Urban,80704,30.40121927,32.00089215,0.693893735,2.266306503,9.817357256,22.79069191,1.954054322,0.075584853,-0.28914,51.44035
E09000028,10659,Southwark,533829,176738,E12000007,13879,23870,3182,35433,16558,34493,3013,392,Urban,130820,10.60923406,18.2464455,2.432349794,27.08530806,12.65708607,26.36676349,2.303164654,0.299648372,-0.07308,51.46594
E09000029,4781,Sutton,526964,164120,E12000007,23400,29647,889,5399,6268,15372,1311,61,Urban,82347,28.41633575,36.0025259,1.079577884,6.556401569,7.611691986,18.66734672,1.592043426,0.074076773,-0.17226,51.35755
E09000030,15702.9,Tower Hamlets,536495,181509,E12000007,9424,18459,3143,16697,26540,43126,2874,276,Urban,120539,7.818216511,15.31371589,2.607454849,13.85194833,22.01777018,35.77763214,2.384290562,0.228971536,-0.03647,51.51554
E09000031,7173.3,Waltham Forest,537726,190195,E12000007,20817,29539,1700,10737,11362,26361,2232,153,Urban,102901,20.2301241,28.7062322,1.652073352,10.43430093,11.04168084,25.61782684,2.16907513,0.148686602,-0.0188,51.59461
E09000032,9560,Wandsworth,526055,174145,E12000007,24410,33915,2509,16653,9891,46295,3535,184,Urban,137392,17.76668219,24.68484337,1.82616164,12.12079306,7.199109118,33.69555724,2.57293001,0.133923373,-0.20021,51.4524
E09000033,9514.2,Westminster,527739,181005,E12000007,15213,10749,695,12418,14392,36871,4194,284,Urban,94816,16.04476038,11.33669423,0.73299865,13.09694566,15.17887276,38.88689673,4.423304084,0.299527506,-0.15295,51.51221
W06000001,96.7,Isle of Anglesey,241795,379205,W92000004,13756,7264,87,3783,1037,3735,1064,98,Rural,30824,44.62756294,23.56605243,0.282247599,12.27290423,3.364261614,12.11718142,3.451855697,0.317934077,-4.32298,53.27931
W06000002,46.3,Gwynedd,263903,334963,W92000004,22214,11214,150,3524,5033,7060,1805,105,Rural,51105,43.4673711,21.94305841,0.293513355,6.895607083,9.848351433,13.81469524,3.531944037,0.205459348,-3.77715,52.89883
W06000003,101.9,Conwy,283987,361802,W92000004,22759,12967,291,2051,4206,8526,1394,41,Rural,52235,43.57040299,24.82435149,0.557097731,3.926486073,8.052072365,16.3223892,2.66870872,0.078491433,-3.74646,53.14739
W06000004,114.5,Denbighshire,309404,355776,W92000004,16828,11112,234,3298,2350,7295,1197,73,Rural,42387,39.70085168,26.21558497,0.552056055,7.780687475,5.544152688,17.21046547,2.82397905,0.172222615,-3.34761,53.08833
W06000005,352.3,Flintshire,322419,369649,W92000004,25945,22074,307,6985,2729,7544,1295,32,Rural,66911,38.7753882,32.99009132,0.45881843,10.43924018,4.078552107,11.2746783,1.935406734,0.047824722,-3.18248,53.21471
W06000006,268.2,Wrexham,331795,344142,W92000004,19947,16271,182,9958,2203,7890,1276,188,Rural,57915,34.44185444,28.09462143,0.314253648,17.19416386,3.803850471,13.62341362,2.20322887,0.324613658,-2.99203,53.00167
W06000008,40,Ceredigion,258574,263991,W92000004,14798,6378,96,752,2487,5294,1077,9,Rural,30891,47.90392024,20.64679033,0.310770127,2.434365997,8.050888608,17.13767764,3.486452365,0.029134699,-3.94993,52.29795
W06000009,76.2,Pembrokeshire,201312,221152,W92000004,24647,12556,141,5691,3303,7277,1837,35,Rural,55487,44.41941356,22.62872385,0.254113576,10.25645647,5.952745688,13.11478364,3.310685386,0.063077838,-4.90818,51.85513
W06000010,79.3,Carmarthenshire,251227,224511,W92000004,35629,21936,209,8540,3158,10048,2123,116,Rural,81759,43.57807703,26.83007375,0.25562935,10.44533324,3.862571705,12.2897785,2.596656026,0.141880405,-4.21109,51.89495
W06000011,631.5,Swansea,257445,195641,W92000004,37162,28224,315,12257,7788,16417,2484,315,Suburban,104962,35.40519426,26.88973152,0.300108611,11.6775595,7.419828128,15.64089861,2.366570759,0.300108611,-3.96723,51.65806
W06000012,322.5,Neath Port Talbot,279564,199348,W92000004,23850,17661,99,4657,7342,7014,1638,116,Rural,62377,38.23524697,28.31332061,0.158712346,7.465892877,11.77036408,11.24452923,2.625967905,0.185965981,-3.74638,51.6445
W06000013,580.1,Bridgend,289150,185340,W92000004,23670,20291,136,2087,6587,8128,1398,63,Suburban,62360,37.95702373,32.53848621,0.218088518,3.3466966,10.56286081,13.03399615,2.241821681,0.101026299,-3.61375,51.5606
W06000014,398.4,Vale of Glamorgan,302809,172697,W92000004,22052,19231,135,3660,3363,7474,1503,31,Rural,57449,38.38535048,33.47490818,0.234991036,6.370868074,5.853887796,13.0098,2.616233529,0.053960904,-3.39801,51.44836
W06000015,2571.3,Cardiff,316778,179542,W92000004,42072,43355,439,12883,12395,32757,3028,404,Urban,147333,28.55572071,29.42653716,0.297964475,8.74413743,8.412914961,22.23330822,2.05520827,0.274208765,-3.22209,51.50254
W06000016,560.3,Rhondda Cynon Taf,300745,195665,W92000004,39686,30943,173,5744,8431,15671,2567,124,Suburban,103339,38.40370044,29.94319666,0.167410174,5.558404862,8.158584852,15.16465226,2.484057326,0.11999342,-3.41359,51.62185
W06000018,634.2,Caerphilly,316753,195610,W92000004,27449,24053,228,10065,4258,8598,1556,48,Suburban,76255,35.99632811,31.54284965,0.298996787,13.19913448,5.583896138,11.27532621,2.040521933,0.062946692,-3.19753,51.65001
W06000019,615.1,Blaenau Gwent,317699,208201,W92000004,10564,7658,36,2776,4418,4160,687,41,Suburban,30340,34.81872116,25.24060646,0.118655241,9.149637442,14.56163481,13.71127225,2.264337508,0.135135135,-3.18592,51.75364
W06000020,734.4,Torfaen,327301,200555,W92000004,13952,11963,223,3324,6251,3701,794,33,Suburban,40241,34.67110658,29.72838647,0.554161179,8.260232102,15.5339082,9.197087548,1.973112,0.082005914,-3.05101,51.69836
W06000021,109.5,Monmouthshire,340238,206911,W92000004,17738,11691,147,1493,4250,4674,908,21,Rural,40922,43.34587752,28.5689849,0.359219979,3.648404281,10.38561165,11.42172914,2.218855383,0.05131714,-2.9028,51.77827
W06000022,838.1,Newport,333448,186541,W92000004,20172,21387,474,5648,7216,9663,1356,138,Suburban,66054,30.5386502,32.37805432,0.717594695,8.550579829,10.92439519,14.62893996,2.052865837,0.208919975,-2.89769,51.58231
W06000023,25.7,Powys,303993,270454,W92000004,28098,12586,151,5294,3187,8592,2168,106,Rural,60182,46.68837858,20.91322987,0.250905586,8.796650161,5.295603337,14.27669403,3.602406035,0.176132398,-3.43531,52.34863
W06000024,528.2,Merthyr Tydfil,306153,205467,W92000004,9101,7012,33,2168,3458,3325,642,44,Suburban,25783,35.29845247,27.19621456,0.127991312,8.408641353,13.4119381,12.89609433,2.490012799,0.170655083,-3.36425,51.7484
E06000007,1168,Warrington,362665,389223,E12000002,31939,30246,686,4982,8860,12193,1580,52,Suburban,90538,35.27690031,33.40696724,0.757692902,5.502661866,9.785946233,13.46727341,1.745123595,0.057434447,-2.56167,53.39164
E06000008,1129.4,Blackburn with Darwen,369254,421850,E12000002,19573,15958,308,2718,8313,10290,1560,47,Suburban,58767,33.30610717,27.15469566,0.524103664,4.625044668,14.14569401,17.50982694,2.654551024,0.079976858,-2.46361,53.7008
E06000009,4041.1,Blackpool,331921,436188,E12000002,20348,16886,213,3947,2753,18843,1726,67,Urban,64783,31.40947471,26.06548014,0.32878996,6.092647763,4.249571647,29.08633438,2.664279209,0.103422194,-3.02199,53.82164
E06000010,3730.1,Kingston upon Hull,509765,430588,E12000003,26695,29046,585,21768,9399,25419,2174,389,Urban,115475,23.11755791,25.15349643,0.506603161,18.85083351,8.139424118,22.01255683,1.882658584,0.336869452,-0.30385,53.76921
E06000013,200.4,North Lincolnshire,493268,411782,E12000003,27829,21567,204,5035,5918,10929,1626,64,Rural,73172,38.03230744,29.47438911,0.278795168,6.881047395,8.087793145,14.93604111,2.222161483,0.087465151,-0.52407,53.58643
E06000016,5027.2,Leicester,459135,304861,E12000004,31324,28106,662,18748,10747,34549,2888,365,Urban,127389,24.58925025,22.06312947,0.519668103,14.71712628,8.436364207,27.12086601,2.267071725,0.286523954,-1.1304,52.63592
E06000022,559.2,Bath and North East Somerset,367057,162001,E12000009,28855,22878,790,3064,8299,13758,1551,55,Suburban,79250,36.41009464,28.8681388,0.996845426,3.866246057,10.47192429,17.36025237,1.957097792,0.069400631,-2.48657,51.35604
E06000025,584.3,South Gloucestershire,367431,183263,E12000009,43220,42272,1231,2122,10616,16441,2147,52,Suburban,118101,36.59579512,35.79309235,1.042328177,1.796767174,8.988916267,13.9211353,1.817935496,0.04403011,-2.46926,51.54672
E06000030,1014.4,Swindon,417817,185857,E12000009,27968,33075,1203,9786,5158,16798,1722,151,Suburban,95861,29.17557714,34.50308259,1.254942052,10.2085311,5.380707483,17.52328893,1.796350967,0.157519742,-1.73369,51.57764
E06000033,4335.6,Southend-on-Sea,589363,185610,E12000006,24722,23301,503,4822,4197,19085,1674,40,Urban,78344,31.55570305,29.74190748,0.642040233,6.154906566,5.357142857,24.36051261,2.136730318,0.051056877,0.706923,51.54917
E06000034,1074.2,Thurrock,564863,181237,E12000006,16912,25108,445,9639,2094,11015,1116,48,Suburban,66377,25.47870497,37.82635551,0.670412944,14.52159634,3.154707203,16.59460355,1.681305271,0.072314205,0.334874,51.50996
E06000046,370,Isle of Wight,449779,86461,E12000008,28737,15083,509,678,6379,11731,1649,9,Rural,64775,44.36433809,23.28521806,0.78579699,1.046700116,9.84793516,18.11038209,2.545735237,0.013894249,-1.33366,50.67129
E06000049,341.9,Cheshire East,376729,364874,E12000002,69191,56455,1772,4659,15584,23868,3246,79,Rural,174854,39.57072758,32.28693653,1.013416908,2.664508676,8.912578494,13.65024535,1.856405916,0.045180551,-2.29299,53.16793
E06000052,160.9,Cornwall,199168,59975,E12000009,104659,61299,2949,13023,19016,41545,7826,216,Rural,250533,41.77453669,24.46743543,1.177090443,5.198117613,7.590217656,16.5826458,3.123740186,0.086216187,-4.64254,50.45022
E07000011,199.6,Huntingdonshire,521228,276573,E12000006,27621,25402,1051,1819,8067,11117,1780,23,Rural,76880,35.92741935,33.04110302,1.367065557,2.366024974,10.49297607,14.46019771,2.315296566,0.029916753,-0.2247,52.35314
E07000039,317.1,South Derbyshire,429750,326002,E12000004,16388,17321,368,2780,1686,5836,812,48,Rural,45239,36.22538076,38.28776056,0.813457415,6.145140255,3.726872831,12.90037357,1.79491147,0.106103141,-1.5348,52.8249
E07000040,185.2,East Devon,313793,96775,E12000009,31228,16967,947,4030,2868,8960,1737,51,Rural,66788,46.75690244,25.40426424,1.417919387,6.034018087,4.294184584,13.41558364,2.600766605,0.076361023,-3.22364,50.75761
E07000044,100,South Hams,270440,54205,E12000009,17708,10008,628,728,3925,5258,1068,14,Rural,39337,45.01614256,25.44169611,1.596461347,1.850674937,9.977883418,13.36655058,2.715001144,0.035589903,-3.81996,50.37196
E07000064,182.8,Rother,578409,119997,E12000008,20395,10210,372,645,3648,5862,965,5,Rural,42102,48.44187925,24.25062942,0.883568477,1.53199373,8.664671512,13.92332906,2.292052634,0.01187592,0.542937,50.94871
E07000065,192.2,Wealden,554434,120966,E12000008,30510,22033,794,2887,2814,7658,1545,25,Rural,68266,44.69281927,32.27521753,1.163097296,4.229045206,4.122110567,11.21788299,2.263205695,0.036621451,0.205156,50.93323
E07000066,1705.1,Basildon,570901,190821,E12000006,23029,25268,876,10563,5650,9762,1114,101,Suburban,76363,30.15727512,33.08932336,1.147152417,13.83261527,7.398871181,12.78367796,1.458821681,0.132263007,0.475056,51.59037
E07000073,3056.1,Harlow,545614,209915,E12000006,8723,11622,499,9051,2046,5298,526,91,Urban,37856,23.04258242,30.70054945,1.318153001,23.90902367,5.404691462,13.99513948,1.389475909,0.240384615,0.103888,51.76614
E07000078,2549.3,Cheltenham,395079,221973,E12000009,18362,15273,397,4069,2363,11406,972,57,Urban,52899,34.71143122,28.87200136,0.750486777,7.692016862,4.467003157,21.56184427,1.837463846,0.107752509,-2.07515,51.89861
E07000081,3266.6,Gloucester,383531,216834,E12000009,17510,17869,630,2797,4740,10691,1112,57,Urban,55406,31.60307548,32.25101975,1.137060968,5.048189727,8.555030141,19.29574414,2.007002852,0.102876945,-2.23263,51.84641
E07000083,229,Tewkesbury,394038,227458,E12000009,15984,12975,918,865,4333,4763,1078,15,Rural,40931,39.05108597,31.69968972,2.242798857,2.113312648,10.58610833,11.63665681,2.633700618,0.03664704,-2.19997,51.93487
E07000090,2228.4,Havant,471226,104842,E12000008,20869,15526,469,5040,4949,5760,895,81,Suburban,53589,38.94269346,28.97236373,0.875179608,9.404915188,9.235104219,10.7484745,1.670118868,0.151150423,-1.00398,50.87231
E07000103,4772.2,Watford,510556,197803,E12000006,9577,12268,419,1531,4641,10505,672,16,Urban,39629,24.16664564,30.95712736,1.057306518,3.863332408,11.71112064,26.50836509,1.695727876,0.040374473,-0.40429,51.6717
E07000112,307.5,Folkestone and Hythe,610024,132599,E12000008,18966,12841,365,3153,2098,9555,1315,44,Rural,48337,39.2370234,26.56557089,0.755115129,6.522953431,4.340360386,19.76746592,2.720483274,0.091027577,1.000796,51.07215
E07000119,491.2,Fylde,339324,432384,E12000002,16369,10575,288,404,2730,6239,991,10,Rural,37606,43.52762857,28.12051268,0.765835239,1.074296655,7.25947987,16.5904377,2.635217784,0.026591501,-2.91914,53.79709
E07000120,1126.6,Hyndburn,374414,429238,E12000002,11917,10027,80,1222,3489,7088,947,20,Suburban,34790,34.254096,28.82150043,0.229951135,3.512503593,10.02874389,20.37367059,2.722046565,0.057487784,-2.38964,53.75644
E07000124,105.6,Ribble Valley,370849,445761,E12000002,11654,8533,405,292,1859,3273,730,1,Rural,26747,43.57124163,31.90264329,1.514188507,1.09171122,6.950312185,12.23688638,2.72927805,0.003738737,-2.41737,53.92451
E07000136,193.7,Boston,532926,343714,E12000004,9967,7338,376,1969,3757,5425,540,32,Rural,29404,33.89674874,24.95578833,1.278737587,6.696367841,12.77717317,18.44987077,1.836484832,0.108828731,-0.11218,52.97797
E07000142,82.3,West Lindsey,501339,389522,E12000004,17553,12206,391,1190,3415,6431,1139,20,Rural,42345,41.45235565,28.82512693,0.923367576,2.810249144,8.064706577,15.18715315,2.689809895,0.047231078,-0.50774,53.40044
E07000147,106.6,North Norfolk,613546,332832,E12000006,23509,9701,333,998,5277,7170,1368,18,Rural,48374,48.59842064,20.05416133,0.688386323,2.063091743,10.90875264,14.82201182,2.827965436,0.037210072,1.132099,52.83389
E07000174,1440.2,Mansfield,455327,364075,E12000004,16668,14088,214,5738,2127,8156,909,131,Suburban,48031,34.70258791,29.33105703,0.445545585,11.94645125,4.428389998,16.98069996,1.892527742,0.272740522,-1.17804,53.16703
E07000198,166.4,Staffordshire Moorlands,401331,353540,E12000005,20401,12740,164,1069,2584,4501,872,24,Rural,42355,48.16668634,30.07909338,0.3872034,2.523905088,6.100814544,10.62684453,2.058788809,0.056663912,-1.99334,53.06928
E07000202,3534.3,Ipswich,616698,244356,E12000006,16810,16182,353,7614,4754,12583,1081,130,Urban,59507,28.24877745,27.19343943,0.593207522,12.79513335,7.988976087,21.14541146,1.816593006,0.218461694,1.166175,52.05592
E07000214,951.2,Surrey Heath,492648,161313,E12000008,13156,13495,364,477,2972,4611,920,13,Suburban,36008,36.53632526,37.47778271,1.01088647,1.324705621,8.253721395,12.80548767,2.55498778,0.036103088,-0.68983,51.33612
E08000001,2117,Bolton,369187,409211,E12000002,39475,33608,493,12540,11015,18776,2596,287,Suburban,118790,33.23091169,28.29194377,0.415018099,10.55644415,9.272666049,15.80604428,2.185369139,0.241602829,-2.47952,53.5845
E08000019,1512.5,Sheffield,430011,389797,E12000003,71903,63274,776,36110,16224,38976,4448,237,Suburban,231948,30.9996206,27.27939021,0.334557746,15.56814458,6.994671219,16.80376636,1.917671202,0.102178074,-1.54254,53.40358
E09000012,13593.3,Hackney,534348,185478,E12000007,10263,15803,2664,21943,21002,31943,2204,259,Urban,106081,9.674682554,14.89710693,2.511288544,20.68513683,19.79807883,30.11189563,2.077657639,0.244153053,-0.06045,51.55492
E07000075,512.7,Rochford,594750,191782,E12000006,15572,13102,205,365,2506,3203,602,3,Suburban,35558,43.79323921,36.84684178,0.576522864,1.026491929,7.047640475,9.007818212,1.693008606,0.00843692,0.683442,51.5909
E07000077,142.5,Uttlesford,556816,228707,E12000006,13177,12909,659,2682,2127,4519,856,26,Rural,36955,35.65687999,34.93167366,1.783249899,7.257475308,5.755648762,12.22838587,2.316330672,0.070355838,0.294499,51.9359
E07000105,228.6,Ashford,596857,139969,E12000008,18032,17565,917,4750,2751,8236,1263,69,Rural,53583,33.6524644,32.78091932,1.711363679,8.86475188,5.134091036,15.37054663,2.357090868,0.128772185,0.823374,51.13096
E06000053,125.9,Isles of Scilly,91546,11139,E12000009,640,196,28,206,118,448,240,2,Rural,1878,34.07880724,10.43663472,1.490947817,10.96911608,6.283280085,23.85516507,12.77955272,0.106496273,-6.30217,49.92332
E09000001,2975,City of London,532539,181164,E12000007,2228,1360,24,898,562,4128,618,10,Urban,9828,22.66992267,13.83801384,0.244200244,9.137159137,5.718355718,42.002442,6.288156288,0.101750102,-0.09351,51.51564
