code,category,value,areaName,cx,cy,region,pop_value,own,mortgage,sharedOwn,laRent,socialRent,privateRent,otherRent,freeRent,Average_Price,cxx,cyy
E06000001,popDensity,985.5,Hartlepool,448118,530661,E12000001,92338,12761,11073,239,3986,5608,6338,856,68,115063.4411,221071.5467,252948410
E06000002,popDensity,2671.2,Middlesbrough,450380,516653,E12000001,143926,17224,15913,330,6773,7233,11286,1391,115,120162.8359,222187.4667,246271263.3
E06000003,popDensity,557.1,Redcar and Cleveland,463383,518023,E12000001,136531,22649,17205,346,5269,6380,8410,1338,41,132098.9016,228602.28,246924296.7
E06000004,popDensity,959.3,Stockton-on-Tees,443484,518785,E12000001,196595,27726,27686,385,7204,6469,12388,1819,79,141877.9177,218785.44,247287516.7
E06000005,popDensity,545.9,Darlington,429038,517147,E12000001,107799,16222,14474,190,5112,2819,9035,1043,20,137788.7761,211658.7467,246506736.7
E06000006,popDensity,1624.3,Halton,352162,383230,E12000002,128478,17096,16744,429,2898,10721,7088,930,45,154835.8009,173733.2533,182672966.7
E06000011,popDensity,142.4,East Riding of Yorkshire,499908,442365,E12000003,342215,65680,45518,634,10874,3406,22171,3561,222,197186.1459,246621.28,210860650
E06000012,popDensity,815,North East Lincolnshire,523749,406881,E12000003,156966,24373,20211,358,2729,6462,14185,1459,49,134574.0621,258382.84,193946610
E06000014,popDensity,745.8,York,461737,451799,E12000003,202821,31453,24182,719,7152,4772,15209,1875,96,272116.3652,227790.2533,215357523.3
E06000015,popDensity,3349.5,Derby,435851,335169,E12000004,261364,33384,28985,790,11713,8138,20395,2058,188,173525.779,215019.8267,159763890
E06000017,popDensity,107.5,Rutland,491121,307844,E12000004,41049,7286,4555,233,310,1509,2082,708,8,324529.5144,242286.36,146738973.3
E06000018,popDensity,4337.6,Nottingham,455451,340739,E12000004,323632,27940,28375,609,22854,8942,33039,2649,335,161041.9402,224689.16,162418923.3
E06000019,popDensity,85.8,Herefordshire,349035,245285,E12000005,187034,35070,19893,916,2657,8652,12943,2662,34,261794.6212,172190.6,116919183.3
E06000020,popDensity,639.1,Telford and Wrekin,367109,314837,E12000005,185541,23088,22776,586,4966,8818,14694,1503,78,183847.4791,181107.1067,150072303.3
E06000021,popDensity,2764.8,Stoke-on-Trent,389018,346716,E12000005,258366,33558,29095,404,16913,7656,20065,2335,374,121298.1427,191915.5467,165267960
E06000023,popDensity,4308.1,Bristol,346546,172919,E12000009,472465,48199,55221,1656,24977,10902,46271,3942,470,308010.0316,170962.6933,82424723.33
E06000024,popDensity,579.9,North Somerset,344429,165882,E12000009,216726,37250,30532,679,2003,6711,15541,1879,53,282531.0042,169918.3067,79070420
E06000026,popDensity,3314.8,Plymouth,249389,56735,E12000009,264695,33783,32255,1349,7386,13725,22754,3167,138,186091.8351,123031.9067,27043683.33
E06000027,popDensity,2215.6,Torbay,291417,61223,E12000009,139324,24663,15699,622,561,4664,15195,1572,16,209376.2122,143765.72,29182963.33
E06000031,popDensity,628.1,Peterborough,518343,302621,E12000006,215671,22268,24624,1167,5009,10751,18675,1937,102,197528.178,255715.88,144249343.3
E06000032,popDensity,5196,Luton,508515,222915,E12000006,225262,20296,22281,426,8498,4425,21280,1607,127,240193.948,250867.4,106256150
E06000035,popDensity,1444.2,Medway,578769,172759,E12000008,279773,34388,37734,1646,4553,10577,20219,2272,68,254619.1909,285526.04,82348456.67
E06000036,popDensity,1139.2,Bracknell Forest,487739,168395,E12000008,124607,14488,19053,877,2507,5382,6957,945,36,343139.736,240617.9067,80268283.33
E06000037,popDensity,229.3,West Berkshire,448409,172535,E12000008,161448,23209,21828,878,787,8518,9668,1763,7,357542.5559,221215.1067,82241683.33
E06000038,popDensity,4312.6,Reading,470639,173186,E12000008,174224,15426,18707,883,6145,4779,20373,1250,120,294983.3413,232181.9067,82551993.33
E06000039,popDensity,4871.5,Slough,498180,179746,E12000008,158500,10215,15186,573,6304,3962,15101,994,88,299359.7142,245768.8,85678926.67
E06000040,popDensity,781.1,Windsor and Maidenhead,490435,177040,E12000008,153496,20393,19913,392,705,6950,10635,1918,23,483538.2258,241947.9333,84389066.67
E06000041,popDensity,991.7,Wokingham,477672,170613,E12000008,177503,24952,27647,1426,2844,2487,8665,1117,27,422448.6731,235651.52,81325530
E06000042,popDensity,930.1,Milton Keynes,486881,243629,E12000008,287060,27193,34752,6905,11029,9419,21780,1876,149,269914.649,240194.6267,116129823.3
E06000043,popDensity,3345.3,Brighton and Hove,531606,106526,E12000008,277103,30444,31973,997,11587,6464,37167,2517,253,387613.6937,262258.96,50777393.33
E06000044,popDensity,5149.8,Portsmouth,465010,102752,E12000008,208003,21958,23066,769,9394,6113,22196,2473,186,222050.8817,229404.9333,48978453.33
E06000045,popDensity,4990.5,Southampton,442376,113232,E12000008,248922,23049,25789,1061,14958,7439,28063,1797,134,212669.6739,218238.8267,53973920
E06000047,popDensity,234.5,County Durham,410446,533389,E12000001,522068,81046,65775,692,21999,24859,35156,5042,195,111765.299,202486.6933,254248756.7
E06000050,popDensity,388.2,Cheshire West and Chester,350919,367257,E12000002,357150,57620,48336,1945,9412,13298,21291,3093,159,224958.049,173120.04,175059170
E06000051,popDensity,101.2,Shropshire,350424,304422,E12000005,323606,59262,36522,1170,5616,12553,20425,3942,89,233074.4572,172875.84,145107820
E06000053,popDensity,125.9,Isles of Scilly,91546,11139,E12000009,2053,640,196,28,206,118,448,240,2,#N/A,45162.69333,5309590
E06000054,popDensity,156.8,Wiltshire,403934,155301,E12000009,510333,80220,63547,2546,7845,23383,27674,9748,118,293734.2967,199274.1067,74026810
E06000055,popDensity,388.8,Bedford,504237,255656,E12000006,185225,23359,23605,1427,1782,10418,12905,1411,42,295005.5115,248756.92,121862693.3
E06000056,popDensity,411.2,Central Bedfordshire,507413,235392,E12000006,294252,40618,45305,2112,5620,10457,14329,2238,75,312671.5996,250323.7467,112203520
E06000057,popDensity,63.9,Northumberland,395886,594161,E12000001,320567,56684,39104,801,13597,12488,20149,3979,120,170449.2509,195303.76,283216743.3
E06000058,popDensity,2469.2,Bournemouth Christchurch and Poole,408362,94131,E12000009,400196,59736,49485,1226,8864,10238,40460,3692,141,296605.6739,201458.5867,44869110
E06000059,popDensity,152.4,Dorset,376581,100771,E12000009,379579,77561,41593,1620,2263,18573,22778,4834,39,309765.3269,185779.96,48034176.67
E06000060,popDensity,353.4,Buckinghamshire,482081,210241,E12000008,553078,77213,77026,2813,5766,22769,29769,4861,110,417317.0138,237826.6267,100214876.7
E06000061,popDensity,364.4,North Northamptonshire,493494,281667,E12000004,359525,47617,49245,1760,10410,12261,24645,2810,170,220678.911,243457.04,134261270
E06000062,popDensity,309.1,West Northamptonshire,465908,258722,E12000004,425725,53782,58173,2647,12035,12776,29463,3537,226,257475.2749,229847.9467,123324153.3
E07000008,popDensity,3579.2,Cambridge,545770,257755,E12000006,145674,12897,10234,872,6910,4980,14735,1760,86,448482.7953,269246.5333,122863216.7
E07000009,popDensity,134.8,East Cambridgeshire,556466,274112,E12000006,87762,13485,11822,565,684,4516,5103,1017,10,288353.7687,274523.2267,130660053.3
E07000010,popDensity,187.5,Fenland,539807,298084,E12000006,102462,16632,12820,236,1174,4407,7788,1007,19,199229.4677,266304.7867,142086706.7
E07000012,popDensity,179.8,South Cambridgeshire,542444,254795,E12000006,162118,24426,21736,1677,5397,4299,8055,1328,78,387877.0927,267605.7067,121452283.3
E07000026,popDensity,77.4,Allerdale,319765,535836,E12000002,96157,18770,11276,241,1096,7217,4241,1122,10,166283.2414,157750.7333,255415160
E07000027,popDensity,865.3,Barrow-in-Furness,320831,470657,E12000002,67407,12250,10211,54,2388,1063,4588,671,34,127569.3144,158276.6267,224346503.3
E07000028,popDensity,106,Carlisle,348339,564335,E12000002,110024,19427,14620,419,1402,5870,7687,1213,25,140853.1534,171847.24,268999683.3
E07000029,popDensity,91.7,Copeland,310947,502927,E12000002,67076,12988,8849,98,1635,3794,2726,673,25,132235.7977,153400.52,239728536.7
E07000030,popDensity,25.5,Eden,359952,524354,E12000002,54735,11661,5702,256,399,2143,3522,930,0,213238.5651,177576.32,249942073.3
E07000031,popDensity,68,South Lakeland,344716,488871,E12000002,104450,22394,11873,276,2201,2911,6525,1449,28,256911.0342,170059.8933,233028510
E07000032,popDensity,475.6,Amber Valley,435845,348157,E12000004,126206,23051,17474,297,2302,4867,7174,1061,51,195567.2244,215016.8667,165954836.7
E07000033,popDensity,500.7,Bolsover,448358,368917,E12000004,80272,12391,10873,117,4647,1115,5373,683,63,151289.0475,221189.9467,175850436.7
E07000034,popDensity,1568.4,Chesterfield,440052,373318,E12000004,103569,17249,12824,158,8428,1539,6882,899,79,171446.1485,217092.32,177948246.7
E07000035,popDensity,90.3,Derbyshire Dales,420549,359062,E12000004,71540,15405,7824,319,942,3133,3731,919,10,298604.5448,207470.84,171152886.7
E07000036,popDensity,1029.9,Erewash,443979,337734,E12000004,112906,18887,16285,265,1775,4623,7518,952,31,180666.773,219029.64,160986540
E07000037,popDensity,168.7,High Peak,408491,386271,E12000004,90933,16367,12562,284,3610,1347,5633,912,57,218478.1923,201522.2267,184122510
E07000038,popDensity,370.1,North East Derbyshire,436969,370027,E12000004,102001,18959,13467,270,7020,1577,3841,767,86,207479.419,215571.3733,176379536.7
E07000041,popDensity,2780,Exeter,293498,92447,E12000009,130709,16369,13703,583,4640,4087,12024,1083,65,272407.8959,144792.3467,44066403.33
E07000042,popDensity,90.8,Mid Devon,290588,109637,E12000009,82852,14110,9988,365,2830,1674,5704,908,52,252177.1387,143356.7467,52260303.33
E07000043,popDensity,90.8,North Devon,265967,131782,E12000009,98611,18055,11025,477,1110,3701,7364,1449,17,265523.518,131210.3867,62816086.67
E07000045,popDensity,200.1,Teignbridge,282849,79821,E12000009,134803,25889,16770,775,1324,4370,9357,1326,26,264900.1199,139538.84,38048010
E07000046,popDensity,69.2,Torridge,241935,112003,E12000009,68114,13870,7316,265,467,2380,5157,995,8,244691.7945,119354.6,53388096.67
E07000047,popDensity,49.2,West Devon,255465,86000,E12000009,57096,11569,6043,176,495,2000,3830,696,9,271568.1923,126029.4,40993333.33
E07000061,popDensity,2302.6,Eastbourne,559822,99749,E12000008,101686,16305,10924,270,3223,2717,11117,1001,53,257479.1022,276178.8533,47547023.33
E07000062,popDensity,3053.9,Hastings,580952,110924,E12000008,90995,12644,10243,203,918,4853,10642,930,18,231862.4653,286602.9867,52873773.33
E07000063,popDensity,342,Lewes,541167,111026,E12000008,99905,18524,12549,410,3162,1612,6524,860,47,335100.3158,266975.72,52922393.33
E07000067,popDensity,253.8,Braintree,578133,230213,E12000006,155268,22262,21828,475,2187,8406,8573,1222,30,292798.2966,285212.28,109734863.3
E07000068,popDensity,503.2,Brentwood,559999,195829,E12000006,77047,11797,11461,214,2649,1011,4589,574,48,435463.151,276266.1733,93345156.67
E07000069,popDensity,2005.4,Castle Point,579982,185122,E12000006,89587,16937,13000,135,1423,628,4585,655,26,325692.2226,286124.4533,88241486.67
E07000070,popDensity,535.9,Chelmsford,571456,205876,E12000006,181523,27057,25691,879,1619,8398,10479,1245,33,346130.8635,281918.2933,98134226.67
E07000071,popDensity,587.2,Colchester,597077,223202,E12000006,192715,26126,25352,419,5645,4940,15003,2162,64,272817.6042,294557.9867,106392953.3
E07000072,popDensity,398.2,Epping Forest,548522,203300,E12000006,134980,19180,18807,353,6215,1778,7082,1065,79,477064.8051,270604.1867,96906333.33
E07000074,popDensity,185,Maldon,592438,204831,E12000006,66208,12224,9034,227,266,2866,2670,609,4,346830.7427,292269.4133,97636110
E07000076,popDensity,440.9,Tendring,614571,223776,E12000006,148291,31510,16704,315,2702,2804,11829,1541,47,232993.4142,303188.36,106666560
E07000079,popDensity,78,Cotswold,407474,213072,E12000009,90832,16177,10260,869,675,5557,5592,1457,10,404258.9209,201020.5067,101564320
E07000080,popDensity,165.4,Forest of Dean,366318,214546,E12000009,87004,16466,10552,319,832,4004,4072,959,13,266771.7629,180716.88,102266926.7
E07000082,popDensity,263,Stroud,379361,203473,E12000009,121104,21548,16532,631,4521,1909,6125,1028,84,296244.6381,187151.4267,96988796.67
E07000084,popDensity,292.1,Basingstoke and Deane,455819,153006,E12000008,185154,23475,26170,1475,765,12946,10412,1388,14,307460.7573,224870.7067,72932860
E07000085,popDensity,244.4,East Hampshire,473316,131076,E12000008,125744,21080,17391,756,920,5687,5692,1184,9,390418.471,233502.56,62479560
E07000086,popDensity,1712.1,Eastleigh,447331,115065,E12000008,136443,20012,20379,1160,673,6757,7081,855,7,292749.2008,220683.2933,54847650
E07000087,popDensity,1542.1,Fareham,454571,106165,E12000008,114511,21154,17037,342,2237,1722,4990,1116,41,309638.3736,224255.0267,50605316.67
E07000088,popDensity,3229.8,Gosport,459361,100995,E12000008,81952,12314,10535,434,2998,2864,5481,1233,61,216446.9608,226618.0933,48140950
E07000089,popDensity,461.8,Hart,476958,154529,E12000008,99408,14958,15304,742,370,3144,4428,1014,5,418423.9249,235299.28,73658823.33
E07000091,popDensity,233.7,New Forest,426464,106633,E12000008,175785,36150,21371,504,4976,3391,9259,1865,51,359527.2743,210388.9067,50828396.67
E07000092,popDensity,2554.9,Rushmoor,486069,153516,E12000008,99756,9979,13795,679,945,5424,6510,1939,32,291823.3923,239794.04,73175960
E07000093,popDensity,207.9,Test Valley,434314,136669,E12000008,130492,19742,17974,1049,1935,5907,6356,1714,29,341856.099,214261.5733,65145556.67
E07000094,popDensity,192.8,Winchester,454712,125708,E12000008,127444,18648,15270,702,4950,2987,7489,1607,59,443276.1674,224324.5867,59920813.33
E07000095,popDensity,1924.9,Broxbourne,534904,204646,E12000006,99009,13178,14179,420,1400,4283,5783,584,23,360318.2216,263885.9733,97547926.67
E07000096,popDensity,729.8,Dacorum,500758,209858,E12000006,155081,19598,20937,394,9863,3457,8214,879,70,424653.2186,247040.6133,100032313.3
E07000098,popDensity,1065.9,Hertsmere,518976,199022,E12000006,107827,13227,14172,488,873,6528,6544,826,24,479472.0204,256028.16,94867153.33
E07000099,popDensity,354.9,North Hertfordshire,524291,230523,E12000006,133210,18933,17828,642,3476,7118,7756,966,14,357088.8714,258650.2267,109882630
E07000102,popDensity,1055.8,Three Rivers,506561,196949,E12000006,93771,12806,13334,276,1518,3949,4296,660,18,525099.4599,249903.4267,93879023.33
E07000106,popDensity,509.9,Canterbury,616375,158359,E12000008,157432,24477,16836,586,5006,2794,12522,1502,69,323350.5387,304078.3333,75484456.67
E07000107,popDensity,1605.3,Dartford,556785,172676,E12000008,116753,12302,17694,1042,4274,2040,7617,658,67,317780.8364,274680.6,82308893.33
E07000108,popDensity,369.2,Dover,629815,151044,E12000008,116410,19753,13725,387,4196,2843,8379,1216,53,267172.1258,310708.7333,71997640
E07000109,popDensity,1079.9,Gravesham,566746,170115,E12000008,106900,13018,12942,443,5308,1962,7276,674,101,292569.7593,279594.6933,81088150
E07000110,popDensity,446.9,Maidstone,580248,151563,E12000008,175782,24192,23799,1350,1887,7620,10725,1614,21,294057.9791,286255.68,72245030
E07000111,popDensity,326.4,Sevenoaks,551567,155211,E12000008,120514,18769,16297,913,996,5469,5572,976,22,443023.529,272106.3867,73983910
E07000113,popDensity,406.2,Swale,595988,164044,E12000008,151676,20788,19727,820,1325,6716,9851,1251,17,265637.6011,294020.7467,78194306.67
E07000114,popDensity,1356.9,Thanet,632674,166985,E12000008,140587,22731,15431,282,2940,4456,14755,1579,26,259642.4676,312119.1733,79596183.33
E07000115,popDensity,550.6,Tonbridge and Malling,564511,155282,E12000008,132201,18379,19126,1108,1001,7254,5757,937,9,380050.1433,278492.0933,74017753.33
E07000116,popDensity,348,Tunbridge Wells,570254,137789,E12000008,115311,16324,15069,521,946,6083,8297,971,13,402336.7766,281325.3067,65679423.33
E07000117,popDensity,855,Burnley,385506,431414,E12000002,94646,13051,10785,91,1747,4462,8621,1075,39,96608.72067,190182.96,205640673.3
E07000118,popDensity,580.6,Chorley,357265,418497,E12000002,117732,18558,17598,358,1218,5419,6056,908,20,194815.1657,176250.7333,199483570
E07000121,popDensity,252.1,Lancaster,353328,463919,E12000002,142934,23152,17114,488,3384,2769,11460,1569,42,168834.6182,174308.48,221134723.3
E07000122,popDensity,565.4,Pendle,387886,441045,E12000002,95757,14127,10599,77,1421,3070,7622,1119,31,112459.2296,191357.0933,210231450
E07000123,popDensity,1039,Preston,354185,435253,E12000002,147835,18219,16524,511,1882,9101,11923,1410,37,135761.6721,174731.2667,207470596.7
E07000125,popDensity,513.4,Rossendale,382473,421988,E12000002,70871,10560,10190,72,1186,3328,4459,748,18,158427.0786,188686.68,201147613.3
E07000126,popDensity,981.4,South Ribble,353203,425975,E12000002,111035,19428,17519,376,496,4543,5339,878,6,179397.9924,174246.8133,203048083.3
E07000127,popDensity,338.8,West Lancashire,341717,412911,E12000002,117429,18987,15337,443,5517,1441,5754,968,87,198711.9923,168580.3867,196820910
E07000128,popDensity,396.7,Wyre,344008,445536,E12000002,111946,22699,14539,407,544,3327,8064,1177,12,161555.1499,169710.6133,212372160
E07000129,popDensity,788.9,Blaby,452852,297375,E12000004,102926,17012,16150,459,482,3015,4761,688,8,246613.0705,223406.9867,141748750
E07000130,popDensity,659.2,Charnwood,457739,315833,E12000004,183971,27619,23916,738,4921,3711,11541,1273,66,244297.0994,225817.9067,150547063.3
E07000131,popDensity,165,Harborough,467383,293977,E12000004,97625,16484,14148,805,405,3126,4687,752,7,312934.4687,230575.6133,140129036.7
E07000132,popDensity,382.2,Hinckley and Bosworth,441354,302271,E12000004,113642,19715,17074,451,3005,2044,6199,915,42,237899.3906,217734.64,144082510
E07000133,popDensity,107.5,Melton,477226,322729,E12000004,51752,9160,6871,249,1641,775,3382,499,22,250135.2556,235431.4933,153834156.7
E07000134,popDensity,374.8,North West Leicestershire,440239,317453,E12000004,104706,16599,15690,479,4066,2023,5385,689,43,224103.3648,217184.5733,151319263.3
E07000135,popDensity,2454.9,Oadby and Wigston,461524,299185,E12000004,57747,9711,7304,160,1116,677,3248,375,25,237209.6791,227685.1733,142611516.7
E07000137,popDensity,80.5,East Lindsey,535540,374440,E12000004,142296,29907,13738,686,1495,5800,10971,2139,18,192359.2954,264199.7333,178483066.7
E07000138,popDensity,2908.9,Lincoln,496573,370718,E12000004,103813,11092,10374,387,7162,1791,10634,924,142,160508.2631,244976.0133,176708913.3
E07000139,popDensity,128,North Kesteven,504210,354897,E12000004,118075,20386,16724,536,3685,1428,6299,1865,66,223874.5207,248743.6,169167570
E07000140,popDensity,126.8,South Holland,532780,324067,E12000004,95122,16604,11717,436,3693,1243,6055,888,67,192812.0356,262838.1333,154471936.7
E07000141,popDensity,152.1,South Kesteven,499893,329594,E12000004,143404,23765,19155,654,5536,2315,9998,1327,97,228857.2532,246613.88,157106473.3
E07000143,popDensity,108.4,Breckland,592273,302678,E12000006,141476,24126,16335,433,1653,6854,9186,1744,27,240736.7639,292188.0133,144276513.3
E07000144,popDensity,238.6,Broadland,623735,316663,E12000006,131721,26448,18088,498,650,4969,5951,1144,12,275131.0295,307709.2667,150942696.7
E07000145,popDensity,572.2,Great Yarmouth,647815,311075,E12000006,99748,16978,10538,133,5464,1749,8504,1072,107,185181.3259,319588.7333,148279083.3
E07000146,popDensity,107.2,Kings Lynn and West Norfolk,566910,317216,E12000006,154325,28053,17150,323,2167,7013,10482,2222,54,231388.5762,279675.6,151206293.3
E07000148,popDensity,3688.2,Norwich,622020,308886,E12000006,143922,14312,12793,367,14240,5278,15986,1365,116,210754.7358,306863.2,147235660
E07000149,popDensity,156.4,South Norfolk,622377,295780,E12000006,141948,25720,19175,756,1411,5773,7213,1314,19,283368.8835,307039.32,140988466.7
E07000163,popDensity,48.4,Craven,388715,464893,E12000003,56927,11826,6837,184,457,2037,3963,755,10,226018.9915,191766.0667,221598996.7
E07000164,popDensity,69.2,Hambleton,444420,488149,E12000003,90690,17772,10373,355,575,4893,5245,1581,6,251991.8334,219247.2,232684356.7
E07000165,popDensity,124.4,Harrogate,426573,463534,E12000003,162666,28936,20971,647,3740,3282,11484,2038,71,297162.7906,210442.68,220951206.7
E07000166,popDensity,37.7,Richmondshire,404370,496225,E12000003,49776,8518,4974,119,1450,991,3142,1724,28,228219.0339,199489.2,236533916.7
E07000167,popDensity,36.3,Ryedale,475009,480011,E12000003,54707,10820,5686,190,331,2840,3958,883,7,268717.715,234337.7733,228805243.3
E07000169,popDensity,153.5,Selby,457071,432688,E12000003,91988,14590,14325,447,2923,1928,4571,739,39,222534.3545,225488.36,206247946.7
E07000170,popDensity,1152.8,Ashfield,449768,355201,E12000004,126300,19484,17266,221,6135,1995,8261,1036,111,159149.8639,221885.5467,169312476.7
E07000171,popDensity,184.7,Bassetlaw,469431,382275,E12000004,117804,19442,15672,217,6124,1573,7210,1141,79,172502.4458,231585.96,182217750
E07000172,popDensity,1385,Broxtowe,449657,342283,E12000004,110940,19301,15153,151,4029,1308,7409,946,65,207408.9955,221830.7867,163154896.7
E07000173,popDensity,977.4,Gedling,459166,348277,E12000004,117264,20649,17417,270,2084,2911,7136,1055,29,210905.903,226521.8933,166012036.7
E07000175,popDensity,188.8,Newark and Sherwood,472378,359080,E12000004,122956,20525,16268,437,5133,2280,7476,1148,65,201323.7797,233039.8133,171161466.7
E07000176,popDensity,291,Rushcliffe,464834,334124,E12000004,119077,20508,17253,524,886,3387,6450,862,13,297862.0601,229318.1067,159265773.3
E07000177,popDensity,273.5,Cherwell,449860,229130,E12000008,161016,21431,21408,1253,1427,7315,11453,1580,26,307533.1207,221930.9333,109218633.3
E07000178,popDensity,3553,Oxford,452441,206500,E12000008,162040,13993,11042,793,7414,4140,16150,1612,95,433126.0801,223204.2267,98431666.67
E07000179,popDensity,219.7,South Oxfordshire,464397,193175,E12000008,149085,23180,20015,1116,1092,6294,7921,1863,17,450154.1922,229102.52,92080083.33
E07000180,popDensity,240.5,Vale of White Horse,438787,192976,E12000008,138913,20812,18398,1055,1260,6946,7003,1999,24,377812.9209,216468.2533,91985226.67
E07000181,popDensity,159.9,West Oxfordshire,434067,215553,E12000008,114237,17963,14082,995,788,5575,6580,1990,8,340390.5331,214139.72,102746930
E07000187,popDensity,157,Mendip,362056,144991,E12000009,116089,20657,13884,605,1149,4902,7770,1307,20,284253.5114,178614.2933,69112376.67
E07000188,popDensity,222.2,Sedgemoor,333465,143276,E12000009,125343,21144,15677,493,3618,3269,8494,1157,52,245299.8773,164509.4,68294893.33
E07000189,popDensity,180,South Somerset,350246,121192,E12000009,172671,31355,20226,840,2166,8567,10552,2182,48,249985.6786,172788.0267,57768186.67
E07000192,popDensity,1274.3,Cannock Chase,401418,312745,E12000005,100519,14718,14438,297,4894,2137,6109,753,110,186647.6419,198032.88,149075116.7
E07000193,popDensity,320.5,East Staffordshire,412763,329519,E12000005,124020,18695,15583,357,2276,4358,8846,1146,32,192416.4484,203629.7467,157070723.3
E07000194,popDensity,321.3,Lichfield,413297,310036,E12000005,106436,18902,14528,445,738,5194,4926,891,8,272829.311,203893.1867,147783826.7
E07000195,popDensity,584.5,Newcastle-under-Lyme,378749,344081,E12000005,123299,20435,15716,350,2774,6368,6613,1122,45,169526.0722,186849.5067,164011943.3
E07000196,popDensity,271.2,South Staffordshire,388140,303026,E12000005,110472,20310,14049,402,625,5846,4126,747,16,259413.5809,191482.4,144442393.3
E07000197,popDensity,228.8,Stafford,388230,327866,E12000005,136867,23474,18558,500,2042,6104,7788,1548,33,226784.2869,191526.8,156282793.3
E07000199,popDensity,2549.6,Tamworth,421984,303220,E12000005,78646,10967,11070,233,4104,1822,4192,451,56,199304.43,208178.7733,144534866.7
E07000200,popDensity,155.5,Babergh,599986,243163,E12000006,92341,17460,11098,289,3370,1963,4910,1049,61,298171.2799,295993.0933,115907696.7
E07000203,popDensity,117.9,Mid Suffolk,611211,265459,E12000006,102699,19151,13607,446,3141,1870,4874,1205,50,284534.0422,301530.76,126535456.7
E07000207,popDensity,1459.6,Elmbridge,512060,163238,E12000008,138754,18809,20832,586,939,4669,8828,897,27,628984.4014,252616.2667,77810113.33
E07000208,popDensity,2375.4,Epsom and Ewell,521188,161461,E12000008,80938,11364,11803,358,193,2550,4561,487,5,478613.038,257119.4133,76963076.67
E07000209,popDensity,530.2,Guildford,500446,150851,E12000008,143650,19267,17717,729,4864,2202,9552,1378,51,477315.7515,246886.6933,71905643.33
E07000210,popDensity,338.3,Mole Valley,517049,147214,E12000008,87386,15136,12053,380,574,3753,4506,732,5,508252.4133,255077.5067,70172006.67
E07000211,popDensity,1168.1,Reigate and Banstead,526286,152009,E12000008,150846,20196,22374,969,1082,5825,8482,905,16,433272.2419,259634.4267,72457623.33
E07000212,popDensity,1128.6,Runnymede,501617,167042,E12000008,88079,11431,11710,506,2771,1728,5907,745,40,428701.8244,247464.3867,79623353.33
E07000213,popDensity,2293.9,Spelthorne,506652,170605,E12000008,102956,13980,14489,531,771,4525,6783,704,21,379258.5375,249948.32,81321716.67
E07000215,popDensity,354.1,Tandridge,536712,149345,E12000008,87876,13326,13203,412,2496,1443,3973,757,13,465343.0948,264777.92,71187783.33
E07000216,popDensity,371.5,Waverley,495682,139877,E12000008,128229,20039,17598,642,4657,1770,6494,1209,39,469830.0252,244536.4533,66674703.33
E07000217,popDensity,1634.4,Woking,500423,158249,E12000008,103943,13251,14280,338,2965,1827,7966,772,39,429059.3642,246875.3467,75432023.33
E07000218,popDensity,228.8,North Warwickshire,425346,294421,E12000005,65035,10558,8856,261,2490,1262,3588,522,44,221639.8867,209837.36,140340676.7
E07000219,popDensity,1699.7,Nuneaton and Bedworth,435701,289373,E12000005,134197,19829,18675,461,5412,2745,8355,1044,64,188071.3958,214945.8267,137934463.3
E07000220,popDensity,325.7,Rugby,445826,276476,E12000005,114363,15703,16012,692,3399,2675,7460,1014,60,249858.7374,219940.8267,131786893.3
E07000221,popDensity,137.8,Stratford-on-Avon,425910,253437,E12000005,134725,24156,17967,1060,958,6948,7055,1308,11,327667.7037,210115.6,120804970
E07000222,popDensity,524.8,Warwick,428512,268090,E12000005,148453,21411,19541,899,5251,3553,10844,1066,53,325416.0641,211399.2533,127789566.7
E07000223,popDensity,1534.4,Adur,519857,106296,E12000008,64544,11101,8835,184,2431,1005,3537,558,27,330624.7881,256462.7867,50667760
E07000224,popDensity,746.1,Arun,500922,105536,E12000008,164889,32182,19588,836,3210,3564,11801,1424,56,301814.7781,247121.52,50305493.33
E07000225,popDensity,157.8,Chichester,488437,116059,E12000008,124068,22715,12657,754,1057,7100,8089,1718,28,405129.0269,240962.2533,55321456.67
E07000226,popDensity,2634.9,Crawley,527313,137822,E12000008,118493,10940,14423,560,7969,2463,8352,663,132,282798.3356,260141.08,65695153.33
E07000227,popDensity,276.8,Horsham,514696,122819,E12000008,146778,24482,20583,1072,775,6380,7795,1260,23,378989.2425,253916.6933,58543723.33
E07000228,popDensity,456.8,Mid Sussex,531427,126224,E12000008,152566,23259,22754,810,460,6352,8568,1142,4,383594.7232,262170.6533,60166773.33
E07000229,popDensity,3423.7,Worthing,513043,104470,E12000008,111338,18052,15388,322,1051,3794,10012,904,15,288872.5315,253101.2133,49797366.67
E07000234,popDensity,457.1,Bromsgrove,398961,273791,E12000005,99183,17483,14511,458,1452,2965,3719,660,16,308026.7383,196820.76,130507043.3
E07000235,popDensity,137.7,Malvern Hills,376452,253907,E12000005,79486,15753,9020,451,753,4248,3896,757,11,281614.8257,185716.32,121029003.3
E07000236,popDensity,1604.4,Redditch,403427,264902,E12000005,87036,11254,12184,291,5281,2050,4718,525,75,224334.6297,199023.9867,126269953.3
E07000237,popDensity,3121.4,Worcester,385680,255359,E12000005,103872,14320,13142,472,2155,5114,8593,901,27,218962.4258,190268.8,121721123.3
E07000238,popDensity,199.7,Wychavon,396608,251844,E12000005,132492,23188,16997,708,1478,7476,6337,1156,16,287047.7507,195659.9467,120045640
E07000239,popDensity,520,Wyre Forest,381336,275771,E12000005,101607,18477,12681,464,2946,3465,6366,873,48,209189.6759,188125.76,131450843.3
E07000240,popDensity,919.3,St Albans,514441,209482,E12000006,148167,20615,21237,297,4620,2567,8703,899,52,529545.9642,253790.8933,99853086.67
E07000241,popDensity,925,Welwyn Hatfield,524698,209206,E12000006,119836,12711,13465,647,8354,3360,6954,632,86,408606.2825,258851.0133,99721526.67
E07000242,popDensity,315.7,East Hertfordshire,537205,220364,E12000006,150158,21140,21870,915,1041,7070,8910,1057,20,408275.5177,265021.1333,105040173.3
E07000243,popDensity,3444.8,Stevenage,524559,224521,E12000006,89495,9522,11282,618,7457,2137,4996,474,26,285252.0428,258782.44,107021676.7
E07000244,popDensity,195.1,East Suffolk,636456,265500,E12000006,246058,49014,27266,443,5093,9384,16953,2532,64,258408.66,313984.96,126555000
E07000245,popDensity,173.9,West Suffolk,578957,267629,E12000006,179948,26398,20991,942,3962,8773,15003,2626,52,268015.2732,285618.7867,127569823.3
E07000246,popDensity,132.6,Somerset West and Taunton,304672,132836,E12000009,157445,27731,18028,655,5568,5047,11118,1751,88,247512.6903,150304.8533,63318493.33
E08000002,popDensity,1948.6,Bury,379434,410155,E12000002,193851,27752,26240,292,6718,5326,12628,1621,119,202689.7364,187187.44,195507216.7
E08000003,popDensity,4772.7,Manchester,384645,394923,E12000002,551938,35423,44502,1679,24419,38857,65041,4362,447,204684.3695,189758.2,188246630
E08000004,popDensity,1700.5,Oldham,396668,406152,E12000002,242088,29384,26845,412,7572,12188,14253,2245,241,158152.0501,195689.5467,193599120
E08000005,popDensity,1415.6,Rochdale,389646,413331,E12000002,223773,27411,26966,342,9972,8843,14535,1968,185,153378.418,192225.36,197021110
E08000006,popDensity,2777.2,Salford,375503,399266,E12000002,269923,25294,28774,646,13599,15628,28651,2202,323,181936.2574,185248.1467,190316793.3
E08000007,popDensity,2338.3,Stockport,391577,388561,E12000002,294773,46498,43527,1486,9880,6969,16238,1954,96,254195.1072,193177.9867,185214076.7
E08000008,popDensity,2239.7,Tameside,395938,397900,E12000002,231071,30363,30158,320,5556,15569,15489,1970,102,167605.6907,195329.4133,189665666.7
E08000009,popDensity,2216.7,Trafford,376532,391465,E12000002,235052,33149,33238,654,4065,10354,13254,1490,65,321423.82,185755.7867,186598316.7
E08000010,popDensity,1750,Wigan,361033,403243,E12000002,329330,49212,45766,655,20083,4250,20040,2721,378,149261.2111,178109.6133,192212496.7
E08000011,popDensity,1787,Knowsley,344694,392430,E12000002,154519,18902,20384,543,7109,9578,8366,1095,96,142153.256,170049.04,187058300
E08000012,popDensity,4346.1,Liverpool,339133,389144,E12000002,486088,50393,46648,1378,9355,45403,49950,4117,247,151838.7493,167305.6133,185491973.3
E08000013,popDensity,1343.6,St. Helens,352124,396102,E12000002,183248,28023,24026,627,5030,10963,10785,1479,80,143928.9879,173714.5067,188808620
E08000014,popDensity,1783.4,Sefton,332846,408176,E12000002,279233,46426,35565,845,4159,13576,20029,2428,45,183300.7997,164204.0267,194563893.3
E08000015,popDensity,1989.7,Wirral,327405,386273,E12000002,320199,51333,41781,887,5611,16454,24397,2694,95,180831.5023,161519.8,184123463.3
E08000016,popDensity,743.3,Barnsley,431083,404470,E12000003,244572,35620,31733,522,16772,4522,16296,2273,315,139126.5519,212667.6133,192797366.7
E08000017,popDensity,542.4,Doncaster,460041,405684,E12000003,308106,44881,39002,563,18396,4298,22953,2988,399,141699.5245,226953.56,193376040
E08000018,popDensity,927.7,Rotherham,447556,390471,E12000003,265807,38318,34178,467,18981,4564,14651,2384,383,154192.7251,220794.2933,186124510
E08000021,popDensity,2646.1,Newcastle upon Tyne,421988,568195,E12000001,300125,30707,29769,580,24431,9045,25300,2678,287,168885.2215,208180.7467,270839616.7
E08000022,popDensity,2538.6,North Tyneside,430940,570503,E12000001,208967,31038,30233,504,14069,5696,12755,1870,67,174591.0132,212597.0667,271939763.3
E08000023,popDensity,2294.2,South Tyneside,435717,563346,E12000001,147776,20503,18152,336,15720,4488,7742,1283,64,138101.9627,214953.72,268528260
E08000024,popDensity,1994.6,Sunderland,435242,554109,E12000001,274172,38312,32680,484,13760,18794,15827,2269,51,124297.0404,214719.3867,264125290
E08000025,popDensity,4275.4,Birmingham,408620,287849,E12000005,1144919,114970,108046,3641,58609,40890,86669,9050,1580,199982.1769,201585.8667,137208023.3
E08000026,popDensity,3500.7,Coventry,432736,280037,E12000005,345325,40278,36784,906,7244,15522,30134,3061,211,195859.2127,213483.0933,133484303.3
E08000027,popDensity,3302.4,Dudley,392753,287253,E12000005,323486,51133,39920,618,21157,4864,16644,2296,437,195417.8159,193758.1467,136923930
E08000028,popDensity,3994.9,Sandwell,399516,290879,E12000005,341832,35924,34080,631,27293,7319,21710,2527,762,163986.5776,197094.56,138652323.3
E08000029,popDensity,1212.9,Solihull,418611,279457,E12000005,216240,35054,29584,710,8901,3631,10249,1247,106,297172.4717,206514.76,133207836.7
E08000030,popDensity,2733.1,Walsall,402370,300150,E12000005,284124,36296,30293,557,9241,17335,16323,2013,168,180502.9517,198502.5333,143071500
E08000031,popDensity,3797.9,Wolverhampton,391927,299026,E12000005,263727,31345,26465,445,19761,6723,17922,2084,397,167983.0238,193350.6533,142535726.7
E08000032,popDensity,1491.2,Bradford,409656,438737,E12000003,546412,66875,62698,1043,11798,18933,42709,5569,242,154997.9221,202096.96,209131303.3
E08000033,popDensity,567.8,Calderdale,401827,424977,E12000003,206631,31269,27170,366,3793,9377,16210,2227,64,156259.8513,198234.6533,202572370
E08000034,popDensity,1060.3,Kirklees,415745,414567,E12000003,433216,62352,54256,676,19678,6610,29858,4084,475,166217.571,205100.8667,197610270
E08000035,popDensity,1471.7,Leeds,432624,436701,E12000003,811956,95452,99132,1947,51716,18026,68197,6205,791,208043.1263,213427.84,208160810
E08000036,popDensity,1043.6,Wakefield,438985,418409,E12000003,353368,48566,47260,1200,22323,10865,19969,2785,107,163233.0079,216565.9333,199441623.3
E08000037,popDensity,1378,Gateshead,420364,560133,E12000001,196151,27161,24448,350,17308,5026,12920,1664,122,136735.6081,207379.5733,266996730
E09000001,popDensity,2975,City of London,532539,181164,E12000007,8583,2228,1360,24,898,562,4128,618,10,758077.3311,262719.24,86354840
E09000002,popDensity,6065.8,Barking and Dagenham,548056,184924,E12000007,218869,11130,20189,1274,18077,5196,16443,1447,146,312739.9714,270374.2933,88147106.67
E09000003,popDensity,4488.7,Barnet,524095,192314,E12000007,389344,39083,39324,1633,10030,10004,45180,3525,138,539455.5894,258553.5333,91669673.33
E09000004,popDensity,4070.7,Bexley,548955,175730,E12000007,246472,31210,34207,1263,2491,11486,13078,1500,65,355867.1951,270817.8,83764633.33
E09000005,popDensity,7859.6,Brent,520189,185924,E12000007,339816,23933,21660,2246,10444,17432,39732,2994,171,514041.2521,256626.5733,88623773.33
E09000006,popDensity,2197.7,Bromley,542864,165667,E12000007,329992,44794,48234,1166,2090,15836,21418,2243,47,456478.7233,267812.9067,78967936.67
E09000007,popDensity,9640.9,Camden,527931,184580,E12000007,210136,14780,12727,715,21051,10199,30382,2630,274,799564.7678,260445.96,87983133.33
E09000008,popDensity,4516,Croydon,533300,163557,E12000007,390719,36992,46675,2183,14769,12602,36484,2957,283,380999.5047,263094.6667,77962170
E09000009,popDensity,6611.6,Ealing,515931,181701,E12000007,367115,30275,31539,2658,11326,12056,42063,3427,313,499133.4057,254525.96,86610810
E09000010,popDensity,4082.5,Enfield,532411,196432,E12000007,329984,31740,31607,1319,12530,8043,32773,2615,296,417033.642,262656.0933,93632586.67
E09000011,popDensity,6108.6,Greenwich,542847,177046,E12000007,289068,18473,28454,2471,21257,14070,26863,2225,238,407971.2123,267804.52,84391926.67
E09000013,popDensity,11161.1,Hammersmith and Fulham,523529,178905,E12000007,183157,12483,13607,1208,11840,12391,27284,2274,157,717141.4909,258274.3067,85278050
E09000014,popDensity,8930.2,Haringey,531225,189614,E12000007,264238,18141,20975,1732,15630,10844,35052,2324,393,590703.8252,262071,90382673.33
E09000015,popDensity,5175.4,Harrow,514912,190121,E12000007,261203,26947,25743,1007,4977,4321,24354,2141,152,474489.7474,254023.2533,90624343.33
E09000016,popDensity,2332.3,Havering,554032,187245,E12000007,262052,34918,35461,976,9423,4384,14452,1567,95,380518.1868,273322.4533,89253450
E09000017,popDensity,2644,Hillingdon,507905,183585,E12000007,305909,28994,32837,1373,10179,7434,25692,2584,135,427090.177,250566.4667,87508850
E09000018,popDensity,5148,Hounslow,513589,175668,E12000007,288181,21761,25283,2225,13251,8367,29537,2251,286,429045.4559,253370.5733,83735080
E09000019,popDensity,14574.9,Islington,531145,185005,E12000007,216589,11151,14589,1580,24081,14706,28084,1995,310,670706.5547,262031.5333,88185716.67
E09000020,popDensity,11816.5,Kensington and Chelsea,525606,179504,E12000007,143375,13301,7890,676,7154,11276,23560,2900,127,1327342.618,259298.96,85563573.33
E09000021,popDensity,4512.1,Kingston upon Thames,519327,166705,E12000007,168063,18519,21418,460,4647,2597,16535,1376,76,500441.919,256201.32,79462716.67
E09000022,popDensity,11839.1,Lambeth,530807,174499,E12000007,317654,16180,28289,2441,24126,21117,39228,3101,206,540840.414,261864.7867,83177856.67
E09000023,popDensity,8551.5,Lewisham,537676,174051,E12000007,300553,18853,32377,1944,16045,19708,30797,2492,177,442786.2961,265253.4933,82964310
E09000024,popDensity,5721.6,Merton,525579,169458,E12000007,215186,20695,24773,869,2342,9257,21998,1750,42,552584.0816,259285.64,80774980
E09000025,popDensity,9690.1,Newham,541466,182855,E12000007,351036,14695,20884,2739,17989,14401,41391,3088,324,384330.7787,267123.2267,87160883.33
E09000026,popDensity,5501.9,Redbridge,543919,189405,E12000007,310260,27956,31265,983,6604,5103,29079,2497,227,447923.0931,268333.3733,90283050
E09000027,popDensity,3401.9,Richmond upon Thames,517367,172867,E12000007,195278,24535,25826,560,1829,7923,18393,1577,61,689779.8386,255234.3867,82399936.67
E09000028,popDensity,10659,Southwark,533829,176738,E12000007,307637,13879,23870,3182,35433,16558,34493,3013,392,544840.9627,263355.64,84245113.33
E09000029,popDensity,4781,Sutton,526964,164120,E12000007,209639,23400,29647,889,5399,6268,15372,1311,61,394473.8963,259968.9067,78230533.33
E09000030,popDensity,15702.9,Tower Hamlets,536495,181509,E12000007,310306,9424,18459,3143,16697,26540,43126,2874,276,462063.0759,264670.8667,86519290
E09000031,popDensity,7173.3,Waltham Forest,537726,190195,E12000007,278426,20817,29539,1700,10737,11362,26361,2232,153,474388.3216,265278.16,90659616.67
E09000032,popDensity,9560,Wandsworth,526055,174145,E12000007,327506,24410,33915,2509,16653,9891,46295,3535,184,605527.5335,259520.4667,83009116.67
E09000033,popDensity,9514.2,Westminster,527739,181005,E12000007,204236,15213,10749,695,12418,14392,36871,4194,284,928269.9368,260351.24,86279050
W06000001,popDensity,96.7,Isle of Anglesey,241795,379205,W92000004,68878,13756,7264,87,3783,1037,3735,1064,98,198777.6544,119285.5333,180754383.3
W06000002,popDensity,46.3,Gwynedd,263903,334963,W92000004,117393,22214,11214,150,3524,5033,7060,1805,105,177314.8352,130192.1467,159665696.7
W06000003,popDensity,101.9,Conwy,283987,361802,W92000004,114741,22759,12967,291,2051,4206,8526,1394,41,186187.9852,140100.2533,172458953.3
W06000004,popDensity,114.5,Denbighshire,309404,355776,W92000004,95817,16828,11112,234,3298,2350,7295,1197,73,175768.8209,152639.3067,169586560
W06000005,popDensity,352.3,Flintshire,322419,369649,W92000004,154962,25945,22074,307,6985,2729,7544,1295,32,185386.5143,159060.04,176199356.7
W06000006,popDensity,268.2,Wrexham,331795,344142,W92000004,135117,19947,16271,182,9958,2203,7890,1276,188,172080.7823,163685.5333,164041020
W06000008,popDensity,40,Ceredigion,258574,263991,W92000004,71475,14798,6378,96,752,2487,5294,1077,9,203951.6757,127563.1733,125835710
W06000009,popDensity,76.2,Pembrokeshire,201312,221152,W92000004,123360,24647,12556,141,5691,3303,7277,1837,35,199187.0782,99313.92,105415786.7
W06000010,popDensity,79.3,Carmarthenshire,251227,224511,W92000004,187897,35629,21936,209,8540,3158,10048,2123,116,167581.4608,123938.6533,107016910
W06000011,popDensity,631.5,Swansea,257445,195641,W92000004,238490,37162,28224,315,12257,7788,16417,2484,315,166483.9914,127006.2,93255543.33
W06000012,popDensity,322.5,Neath Port Talbot,279564,199348,W92000004,142289,23850,17661,99,4657,7342,7014,1638,116,131728.536,137918.24,95022546.67
W06000013,popDensity,580.1,Bridgend,289150,185340,W92000004,145488,23670,20291,136,2087,6587,8128,1398,63,172265.8191,142647.3333,88345400
W06000014,popDensity,398.4,Vale of Glamorgan,302809,172697,W92000004,131939,22052,19231,135,3660,3363,7474,1503,31,246097.5643,149385.7733,82318903.33
W06000015,popDensity,2571.3,Cardiff,316778,179542,W92000004,362308,42072,43355,439,12883,12395,32757,3028,404,222438.0219,156277.1467,85581686.67
W06000016,popDensity,560.3,Rhondda Cynon Taf,300745,195665,W92000004,237651,39686,30943,173,5744,8431,15671,2567,124,128166.7816,148367.5333,93266983.33
W06000018,popDensity,634.2,Caerphilly,316753,195610,W92000004,175952,27449,24053,228,10065,4258,8598,1556,48,152787.5592,156264.8133,93240766.67
W06000019,popDensity,615.1,Blaenau Gwent,317699,208201,W92000004,66904,10564,7658,36,2776,4418,4160,687,41,101980.5738,156731.5067,99242476.67
W06000020,popDensity,734.4,Torfaen,327301,200555,W92000004,92276,13952,11963,223,3324,6251,3701,794,33,165285.7377,161468.4933,95597883.33
W06000021,popDensity,109.5,Monmouthshire,340238,206911,W92000004,92957,17738,11691,147,1493,4250,4674,908,21,301719.9979,167850.7467,98627576.67
W06000022,popDensity,838.1,Newport,333448,186541,W92000004,159592,20172,21387,474,5648,7216,9663,1356,138,199830.0859,164501.0133,88917876.67
W06000023,popDensity,25.7,Powys,303993,270454,W92000004,133169,28098,12586,151,5294,3187,8592,2168,106,212111.4085,149969.88,128916406.7
W06000024,popDensity,528.2,Merthyr Tydfil,306153,205467,W92000004,58836,9101,7012,33,2168,3458,3325,642,44,121345.8297,151035.48,97939270
E06000007,popDensity,1168,Warrington,362665,389223,E12000002,210974,31939,30246,686,4982,8860,12193,1580,52,212955.926,178914.7333,185529630
E06000008,popDensity,1129.4,Blackburn with Darwen,369254,421850,E12000002,154738,19573,15958,308,2718,8313,10290,1560,47,126756.1123,182165.3067,201081833.3
E06000009,popDensity,4041.1,Blackpool,331921,436188,E12000002,141036,20348,16886,213,3947,2753,18843,1726,67,114763.1482,163747.6933,207916280
E06000010,popDensity,3730.1,Kingston upon Hull,509765,430588,E12000003,267014,26695,29046,585,21768,9399,25419,2174,389,119020.7549,251484.0667,205246946.7
E06000013,popDensity,200.4,North Lincolnshire,493268,411782,E12000003,169680,27829,21567,204,5035,5918,10929,1626,64,160493.2021,243345.5467,196282753.3
E06000016,popDensity,5027.2,Leicester,459135,304861,E12000004,368571,31324,28106,662,18748,10747,34549,2888,365,196969.305,226506.6,145317076.7
E06000022,popDensity,559.2,Bath and North East Somerset,367057,162001,E12000009,193409,28855,22878,790,3064,8299,13758,1551,55,367449.5227,181081.4533,77220476.67
E06000025,popDensity,584.3,South Gloucestershire,367431,183263,E12000009,290424,43220,42272,1231,2122,10616,16441,2147,52,291032.0848,181265.96,87355363.33
E06000030,popDensity,1014.4,Swindon,417817,185857,E12000009,233407,27968,33075,1203,9786,5158,16798,1722,151,222858.6673,206123.0533,88591836.67
E06000033,popDensity,4335.6,Southend-on-Sea,589363,185610,E12000006,180686,24722,23301,503,4822,4197,19085,1674,40,298712.3643,290752.4133,88474100
E06000034,popDensity,1074.2,Thurrock,564863,181237,E12000006,176001,16912,25108,445,9639,2094,11015,1116,48,284910.2657,278665.7467,86389636.67
E06000046,popDensity,370,Isle of Wight,449779,86461,E12000008,140459,28737,15083,509,678,6379,11731,1649,9,246236.6485,221890.9733,41213076.67
E06000049,popDensity,341.9,Cheshire East,376729,364874,E12000002,398772,69191,56455,1772,4659,15584,23868,3246,79,249355.0763,185852.9733,173923273.3
E06000052,popDensity,160.9,Cornwall,199168,59975,E12000009,570305,104659,61299,2949,13023,19016,41545,7826,216,260843.6367,98256.21333,28588083.33
E07000011,popDensity,199.6,Huntingdonshire,521228,276573,E12000006,180832,27621,25402,1051,1819,8067,11117,1780,23,266013.5495,257139.1467,131833130
E07000039,popDensity,317.1,South Derbyshire,429750,326002,E12000004,107205,16388,17321,368,2780,1686,5836,812,48,207490.6689,212010,155394286.7
E07000040,popDensity,185.2,East Devon,313793,96775,E12000009,150828,31228,16967,947,4030,2868,8960,1737,51,300452.3671,154804.5467,46129416.67
E07000044,popDensity,100,South Hams,270440,54205,E12000009,88627,17708,10008,628,728,3925,5258,1068,14,345241.5939,133417.0667,25837716.67
E07000064,popDensity,182.8,Rother,578409,119997,E12000008,93108,20395,10210,372,645,3648,5862,965,5,321890.9187,285348.44,57198570
E07000065,popDensity,192.2,Wealden,554434,120966,E12000008,160152,30510,22033,794,2887,2814,7658,1545,25,359483.6337,273520.7733,57660460
E07000066,popDensity,1705.1,Basildon,570901,190821,E12000006,187571,23029,25268,876,10563,5650,9762,1114,101,326907.8989,281644.4933,90958010
E07000073,popDensity,3056.1,Harlow,545614,209915,E12000006,93329,8723,11622,499,9051,2046,5298,526,91,276755.8651,269169.5733,100059483.3
E07000078,popDensity,2549.3,Cheltenham,395079,221973,E12000009,118836,18362,15273,397,4069,2363,11406,972,57,301776.32,194905.64,105807130
E07000081,popDensity,3266.6,Gloucester,383531,216834,E12000009,132416,17510,17869,630,2797,4740,10691,1112,57,214743.6818,189208.6267,103357540
E07000083,popDensity,229,Tewkesbury,394038,227458,E12000009,94884,15984,12975,918,865,4333,4763,1078,15,299992.7297,194392.08,108421646.7
E07000090,popDensity,2228.4,Havant,471226,104842,E12000008,124208,20869,15526,469,5040,4949,5760,895,81,285147.5983,232471.4933,49974686.67
E07000103,popDensity,4772.2,Watford,510556,197803,E12000006,102246,9577,12268,419,1531,4641,10505,672,16,365109.2382,251874.2933,94286096.67
E07000112,popDensity,307.5,Folkestone and Hythe,610024,132599,E12000008,109758,18966,12841,365,3153,2098,9555,1315,44,273959.1789,300945.1733,63205523.33
E07000119,popDensity,491.2,Fylde,339324,432384,E12000002,81374,16369,10575,288,404,2730,6239,991,10,205556.0894,167399.84,206103040
E07000120,popDensity,1126.6,Hyndburn,374414,429238,E12000002,82234,11917,10027,80,1222,3489,7088,947,20,102849.0863,184710.9067,204603446.7
E07000124,popDensity,105.6,Ribble Valley,370849,445761,E12000002,61561,11654,8533,405,292,1859,3273,730,1,226688.2305,182952.1733,212479410
E07000136,popDensity,193.7,Boston,532926,343714,E12000004,70502,9967,7338,376,1969,3757,5425,540,32,162905.7974,262910.16,163837006.7
E07000142,popDensity,82.3,West Lindsey,501339,389522,E12000004,95156,17553,12206,391,1190,3415,6431,1139,20,181022.2265,247327.24,185672153.3
E07000147,popDensity,106.6,North Norfolk,613546,332832,E12000006,102980,23509,9701,333,998,5277,7170,1368,18,277537.7051,302682.6933,158649920
E07000168,popDensity,133.2,Scarborough,488815,497619,E12000003,108736,21164,11308,484,1250,5820,9748,1333,17,181098.2932,241148.7333,237198390
E07000174,popDensity,1440.2,Mansfield,455327,364075,E12000004,110482,16668,14088,214,5738,2127,8156,909,131,152379.8757,224627.9867,173542416.7
E07000198,popDensity,166.4,Staffordshire Moorlands,401331,353540,E12000005,95845,20401,12740,164,1069,2584,4501,872,24,200310.8173,197989.96,168520733.3
E07000202,popDensity,3534.3,Ipswich,616698,244356,E12000006,139642,16810,16182,353,7614,4754,12583,1081,130,207544.7254,304237.68,116476360
E07000214,popDensity,951.2,Surrey Heath,492648,161313,E12000008,90453,13156,13495,364,477,2972,4611,920,13,403214.1947,243039.68,76892530
E08000001,popDensity,2117,Bolton,369187,409211,E12000002,295963,39475,33608,493,12540,11015,18776,2596,287,151998.7676,182132.2533,195057243.3
E08000019,popDensity,1512.5,Sheffield,430011,389797,E12000003,556521,71903,63274,776,36110,16224,38976,4448,237,185477.1038,212138.76,185803236.7
E09000012,popDensity,13593.3,Hackney,534348,185478,E12000007,259146,10263,15803,2664,21943,21002,31943,2204,259,593820.8656,263611.68,88411180
E07000075,popDensity,512.7,Rochford,594750,191782,E12000006,85661,15572,13102,205,365,2506,3203,602,3,358002.4576,293410,91416086.67
E07000077,popDensity,142.5,Uttlesford,556816,228707,E12000006,91341,13177,12909,659,2682,2127,4519,856,26,411729.7235,274695.8933,109017003.3
E07000105,popDensity,228.6,Ashford,596857,139969,E12000008,132747,18032,17565,917,4750,2751,8236,1263,69,310341.3421,294449.4533,66718556.67
E06000053,popDensity,125.9,Isles of Scilly,91546,11139,E12000009,2053,640,196,28,206,118,448,240,2,#N/A,45162.69333,5309590
E09000001,popDensity,2975,City of London,532539,181164,E12000007,8583,2228,1360,24,898,562,4128,618,10,758077.3311,262719.24,86354840
